# Made in Blockbench 5.1.6
mtllib teapot.mtl

o teapot
v 0.1471875 0.6 0.3459375
v 0.1422045 0.618457 0.334226
v 0 0.618457 0.36230475
v 0 0.6 0.375
v 0.13768175 0.62460925 0.32359575
v 0 0.62460925 0.35078125
v 0.1354585 0.618457 0.3183705
v 0 0.618457 0.34511725
v 0.137375 0.6 0.322875
v 0 0.6 0.35
v 0.26625 0.6 0.26625
v 0.25723625 0.618457 0.25723625
v 0.24905475 0.62460925 0.24905475
v 0.24503325 0.618457 0.24503325
v 0.2485 0.6 0.2485
v 0.3459375 0.6 0.1471875
v 0.334226 0.618457 0.1422045
v 0.32359575 0.62460925 0.13768175
v 0.3183705 0.618457 0.1354585
v 0.322875 0.6 0.137375
v 0.375 0.6 0
v 0.36230475 0.618457 0
v 0.35078125 0.62460925 0
v 0.34511725 0.618457 0
v 0.35 0.6 0
v -0.3459375 0.6 0.1471875
v -0.334226 0.618457 0.1422045
v -0.36230475 0.618457 0
v -0.375 0.6 0
v -0.32359575 0.62460925 0.13768175
v -0.35078125 0.62460925 0
v -0.3183705 0.618457 0.1354585
v -0.34511725 0.618457 0
v -0.322875 0.6 0.137375
v -0.35 0.6 0
v -0.26625 0.6 0.26625
v -0.25723625 0.618457 0.25723625
v -0.24905475 0.62460925 0.24905475
v -0.24503325 0.618457 0.24503325
v -0.2485 0.6 0.2485
v -0.1471875 0.6 0.3459375
v -0.1422045 0.618457 0.334226
v -0.13768175 0.62460925 0.32359575
v -0.1354585 0.618457 0.3183705
v -0.137375 0.6 0.322875
v -0.1471875 0.6 -0.3459375
v -0.1422045 0.618457 -0.334226
v 0 0.618457 -0.36230475
v 0 0.6 -0.375
v -0.13768175 0.62460925 -0.32359575
v 0 0.62460925 -0.35078125
v -0.1354585 0.618457 -0.3183705
v 0 0.618457 -0.34511725
v -0.137375 0.6 -0.322875
v 0 0.6 -0.35
v -0.26625 0.6 -0.26625
v -0.25723625 0.618457 -0.25723625
v -0.24905475 0.62460925 -0.24905475
v -0.24503325 0.618457 -0.24503325
v -0.2485 0.6 -0.2485
v -0.3459375 0.6 -0.1471875
v -0.334226 0.618457 -0.1422045
v -0.32359575 0.62460925 -0.13768175
v -0.3183705 0.618457 -0.1354585
v -0.322875 0.6 -0.137375
v 0.3459375 0.6 -0.1471875
v 0.334226 0.618457 -0.1422045
v 0.32359575 0.62460925 -0.13768175
v 0.3183705 0.618457 -0.1354585
v 0.322875 0.6 -0.137375
v 0.26625 0.6 -0.26625
v 0.25723625 0.618457 -0.25723625
v 0.24905475 0.62460925 -0.24905475
v 0.24503325 0.618457 -0.24503325
v 0.2485 0.6 -0.2485
v 0.1471875 0.6 -0.3459375
v 0.1422045 0.618457 -0.334226
v 0.13768175 0.62460925 -0.32359575
v 0.1354585 0.618457 -0.3183705
v 0.137375 0.6 -0.322875
v 0.19625 0.209375 0.46125
v 0.19203375 0.31259775 0.45134025
v 0 0.31259775 0.48925775
v 0 0.225 0.5
v 0.180918 0.40546875 0.42521475
v 0 0.40546875 0.4609375
v 0.1652025 0.5018555 0.38827875
v 0 0.5018555 0.4208985
v 0.355 0.209375 0.355
v 0.347373 0.31259775 0.347373
v 0.32726575 0.40546875 0.32726575
v 0.298838 0.5018555 0.298838
v 0.46125 0.225 0.19625
v 0.45134025 0.31259775 0.19203375
v 0.42521475 0.40546875 0.180918
v 0.38827875 0.5018555 0.1652025
v 0.5 0.225 0
v 0.48925775 0.31259775 0
v 0.4609375 0.40546875 0
v 0.4208985 0.5018555 0
v -0.46125 0.225 0.19625
v -0.45134025 0.31259775 0.19203375
v -0.48925775 0.31259775 0
v -0.5 0.225 0
v -0.42521475 0.40546875 0.180918
v -0.4609375 0.40546875 0
v -0.38827875 0.5018555 0.1652025
v -0.4208985 0.5018555 0
v -0.355 0.225 0.355
v -0.347373 0.31259775 0.347373
v -0.32726575 0.40546875 0.32726575
v -0.298838 0.5018555 0.298838
v -0.19625 0.225 0.46125
v -0.19203375 0.31259775 0.45134025
v -0.180918 0.40546875 0.42521475
v -0.1652025 0.5018555 0.38827875
v -0.19625 0.225 -0.46125
v -0.19203375 0.31259775 -0.45134025
v 0 0.31259775 -0.48925775
v 0 0.225 -0.5
v -0.180918 0.40546875 -0.42521475
v 0 0.40546875 -0.4609375
v -0.1652025 0.5018555 -0.38827875
v 0 0.5018555 -0.4208985
v -0.355 0.225 -0.355
v -0.347373 0.31259775 -0.347373
v -0.32726575 0.40546875 -0.32726575
v -0.298838 0.5018555 -0.298838
v -0.46125 0.225 -0.19625
v -0.45134025 0.31259775 -0.19203375
v -0.42521475 0.40546875 -0.180918
v -0.38827875 0.5018555 -0.1652025
v 0.46125 0.225 -0.19625
v 0.45134025 0.31259775 -0.19203375
v 0.42521475 0.40546875 -0.180918
v 0.38827875 0.5018555 -0.1652025
v 0.355 0.225 -0.355
v 0.347373 0.31259775 -0.347373
v 0.32726575 0.40546875 -0.32726575
v 0.298838 0.5018555 -0.298838
v 0.19625 0.225 -0.46125
v 0.19203375 0.31259775 -0.45134025
v 0.180918 0.40546875 -0.42521475
v 0.1652025 0.5018555 -0.38827875
v 0.1471875 0.0375 0.3459375
v 0.1548535 0.05888675 0.363955
v 0 0.05888675 0.39453125
v 0 0.0375 0.375
v 0.17171875 0.09609375 0.40359375
v 0 0.09609375 0.4375
v 0.188584 0.135254 0.4432325
v 0 0.150879 0.48046875
v 0.26625 0.0375 0.26625
v 0.28011725 0.05888675 0.28011725
v 0.310625 0.09609375 0.310625
v 0.34113275 0.135254 0.34113275
v 0.3459375 0.0375 0.1471875
v 0.363955 0.05888675 0.1548535
v 0.40359375 0.09609375 0.17171875
v 0.4432325 0.150879 0.188584
v 0.375 0.0375 0
v 0.39453125 0.05888675 0
v 0.4375 0.09609375 0
v 0.48046875 0.150879 0
v -0.3459375 0.0375 0.1471875
v -0.363955 0.05888675 0.1548535
v -0.39453125 0.05888675 0
v -0.375 0.0375 0
v -0.40359375 0.09609375 0.17171875
v -0.4375 0.09609375 0
v -0.4432325 0.150879 0.188584
v -0.48046875 0.150879 0
v -0.26625 0.0375 0.26625
v -0.28011725 0.05888675 0.28011725
v -0.310625 0.09609375 0.310625
v -0.34113275 0.150879 0.34113275
v -0.1471875 0.0375 0.3459375
v -0.1548535 0.05888675 0.363955
v -0.17171875 0.09609375 0.40359375
v -0.188584 0.150879 0.4432325
v -0.1471875 0.0375 -0.3459375
v -0.1548535 0.05888675 -0.363955
v 0 0.05888675 -0.39453125
v 0 0.0375 -0.375
v -0.17171875 0.09609375 -0.40359375
v 0 0.09609375 -0.4375
v -0.188584 0.150879 -0.4432325
v 0 0.150879 -0.48046875
v -0.26625 0.0375 -0.26625
v -0.28011725 0.05888675 -0.28011725
v -0.310625 0.09609375 -0.310625
v -0.34113275 0.150879 -0.34113275
v -0.3459375 0.0375 -0.1471875
v -0.363955 0.05888675 -0.1548535
v -0.40359375 0.09609375 -0.17171875
v -0.4432325 0.150879 -0.188584
v 0.3459375 0.0375 -0.1471875
v 0.363955 0.05888675 -0.1548535
v 0.40359375 0.09609375 -0.17171875
v 0.4432325 0.150879 -0.188584
v 0.26625 0.0375 -0.26625
v 0.28011725 0.05888675 -0.28011725
v 0.310625 0.09609375 -0.310625
v 0.34113275 0.150879 -0.34113275
v 0.1471875 0.0375 -0.3459375
v 0.1548535 0.05888675 -0.363955
v 0.17171875 0.09609375 -0.40359375
v 0.188584 0.150879 -0.4432325
v 0.14385275 0.0237305 -0.33809975
v 0 0.0237305 -0.366504
v 0.12602925 0.01171875 -0.296209
v 0 0.01171875 -0.32109375
v 0.081988 0.00322275 -0.192698
v 0 0.00322275 -0.20888675
v 0 0 0
v 0.26021775 0.0237305 -0.26021775
v 0.2279765 0.01171875 -0.2279765
v 0.1483095 0.00322275 -0.1483095
v 0.33809975 0.0237305 -0.14385275
v 0.296209 0.01171875 -0.12602925
v 0.192698 0.00322275 -0.081988
v 0.366504 0.0237305 0
v 0.32109375 0.01171875 0
v 0.20888675 0.00322275 0
v -0.33809975 0.0237305 -0.14385275
v -0.366504 0.0237305 0
v -0.296209 0.01171875 -0.12602925
v -0.32109375 0.01171875 0
v -0.192698 0.00322275 -0.081988
v -0.20888675 0.00322275 0
v -0.26021775 0.0237305 -0.26021775
v -0.2279765 0.01171875 -0.2279765
v -0.1483095 0.00322275 -0.1483095
v -0.14385275 0.0237305 -0.33809975
v -0.12602925 0.01171875 -0.296209
v -0.081988 0.00322275 -0.192698
v -0.14385275 0.0237305 0.33809975
v 0 0.0237305 0.366504
v -0.12602925 0.01171875 0.296209
v 0 0.01171875 0.32109375
v -0.081988 0.00322275 0.192698
v 0 0.00322275 0.20888675
v -0.26021775 0.0237305 0.26021775
v -0.2279765 0.01171875 0.2279765
v -0.1483095 0.00322275 0.1483095
v -0.33809975 0.0237305 0.14385275
v -0.296209 0.01171875 0.12602925
v -0.192698 0.00322275 0.081988
v 0.33809975 0.0237305 0.14385275
v 0.296209 0.01171875 0.12602925
v 0.192698 0.00322275 0.081988
v 0.26021775 0.0237305 0.26021775
v 0.2279765 0.01171875 0.2279765
v 0.1483095 0.00322275 0.1483095
v 0.14385275 0.0237305 0.33809975
v 0.12602925 0.01171875 0.296209
v 0.081988 0.00322275 0.192698
vt 0.875 0.625
vt 0.875 0.875
vt 0.625 0.875
vt 0.625 0.625
vt 0.875 0.625
vt 0.875 0.875
vt 0.625 0.875
vt 0.625 0.625
vt 0.875 0.625
vt 0.875 0.875
vt 0.625 0.875
vt 0.625 0.625
vt 0.875 0.625
vt 0.875 0.875
vt 0.625 0.875
vt 0.625 0.625
vt 0.875 0.625
vt 0.875 0.875
vt 0.625 0.875
vt 0.625 0.625
vt 0.875 0.625
vt 0.875 0.875
vt 0.625 0.875
vt 0.625 0.625
vt 0.875 0.625
vt 0.875 0.875
vt 0.625 0.875
vt 0.625 0.625
vt 0.875 0.625
vt 0.875 0.875
vt 0.625 0.875
vt 0.625 0.625
vt 0.875 0.625
vt 0.875 0.875
vt 0.625 0.875
vt 0.625 0.625
vt 0.875 0.625
vt 0.875 0.875
vt 0.625 0.875
vt 0.625 0.625
vt 0.875 0.625
vt 0.875 0.875
vt 0.625 0.875
vt 0.625 0.625
vt 0.875 0.625
vt 0.875 0.875
vt 0.625 0.875
vt 0.625 0.625
vt 0.875 0.625
vt 0.875 0.875
vt 0.625 0.875
vt 0.625 0.625
vt 0.875 0.625
vt 0.875 0.875
vt 0.625 0.875
vt 0.625 0.625
vt 0.875 0.625
vt 0.875 0.875
vt 0.625 0.875
vt 0.625 0.625
vt 0.875 0.625
vt 0.875 0.875
vt 0.625 0.875
vt 0.625 0.625
vt 0.875 0.625
vt 0.875 0.875
vt 0.625 0.875
vt 0.625 0.625
vt 0.875 0.625
vt 0.875 0.875
vt 0.625 0.875
vt 0.625 0.625
vt 0.875 0.625
vt 0.875 0.875
vt 0.625 0.875
vt 0.625 0.625
vt 0.875 0.625
vt 0.875 0.875
vt 0.625 0.875
vt 0.625 0.625
vt 0.875 0.625
vt 0.875 0.875
vt 0.625 0.875
vt 0.625 0.625
vt 0.875 0.625
vt 0.875 0.875
vt 0.625 0.875
vt 0.625 0.625
vt 0.875 0.625
vt 0.875 0.875
vt 0.625 0.875
vt 0.625 0.625
vt 0.875 0.625
vt 0.875 0.875
vt 0.625 0.875
vt 0.625 0.625
vt 0.875 0.625
vt 0.875 0.875
vt 0.625 0.875
vt 0.625 0.625
vt 0.875 0.625
vt 0.875 0.875
vt 0.625 0.875
vt 0.625 0.625
vt 0.875 0.625
vt 0.875 0.875
vt 0.625 0.875
vt 0.625 0.625
vt 0.875 0.625
vt 0.875 0.875
vt 0.625 0.875
vt 0.625 0.625
vt 0.875 0.625
vt 0.875 0.875
vt 0.625 0.875
vt 0.625 0.625
vt 0.875 0.625
vt 0.875 0.875
vt 0.625 0.875
vt 0.625 0.625
vt 0.875 0.625
vt 0.875 0.875
vt 0.625 0.875
vt 0.625 0.625
vt 0.875 0.625
vt 0.875 0.875
vt 0.625 0.875
vt 0.625 0.625
vt 0.875 0.625
vt 0.875 0.875
vt 0.625 0.875
vt 0.625 0.625
vt 0.875 0.625
vt 0.875 0.875
vt 0.625 0.875
vt 0.625 0.625
vt 0.875 0.625
vt 0.875 0.875
vt 0.625 0.875
vt 0.625 0.625
vt 0.875 0.625
vt 0.875 0.875
vt 0.625 0.875
vt 0.625 0.625
vt 0.875 0.625
vt 0.875 0.875
vt 0.625 0.875
vt 0.625 0.625
vt 0.875 0.625
vt 0.875 0.875
vt 0.625 0.875
vt 0.625 0.625
vt 0.875 0.625
vt 0.875 0.875
vt 0.625 0.875
vt 0.625 0.625
vt 0.875 0.625
vt 0.875 0.875
vt 0.625 0.875
vt 0.625 0.625
vt 0.875 0.625
vt 0.875 0.875
vt 0.625 0.875
vt 0.625 0.625
vt 0.875 0.625
vt 0.875 0.875
vt 0.625 0.875
vt 0.625 0.625
vt 0.875 0.625
vt 0.875 0.875
vt 0.625 0.875
vt 0.625 0.625
vt 0.875 0.625
vt 0.875 0.875
vt 0.625 0.875
vt 0.625 0.625
vt 0.875 0.625
vt 0.875 0.875
vt 0.625 0.875
vt 0.625 0.625
vt 0.875 0.625
vt 0.875 0.875
vt 0.625 0.875
vt 0.625 0.625
vt 0.875 0.625
vt 0.875 0.875
vt 0.625 0.875
vt 0.625 0.625
vt 0.875 0.625
vt 0.875 0.875
vt 0.625 0.875
vt 0.625 0.625
vt 0.875 0.625
vt 0.875 0.875
vt 0.625 0.875
vt 0.625 0.625
vt 0.875 0.625
vt 0.875 0.875
vt 0.625 0.875
vt 0.625 0.625
vt 0.875 0.625
vt 0.875 0.875
vt 0.625 0.875
vt 0.625 0.625
vt 0.875 0.625
vt 0.875 0.875
vt 0.625 0.875
vt 0.625 0.625
vt 0.875 0.625
vt 0.875 0.875
vt 0.625 0.875
vt 0.625 0.625
vt 0.875 0.625
vt 0.875 0.875
vt 0.625 0.875
vt 0.625 0.625
vt 0.875 0.625
vt 0.875 0.875
vt 0.625 0.875
vt 0.625 0.625
vt 0.875 0.625
vt 0.875 0.875
vt 0.625 0.875
vt 0.625 0.625
vt 0.875 0.625
vt 0.875 0.875
vt 0.625 0.875
vt 0.625 0.625
vt 0.875 0.625
vt 0.875 0.875
vt 0.625 0.875
vt 0.625 0.625
vt 0.875 0.625
vt 0.875 0.875
vt 0.625 0.875
vt 0.625 0.625
vt 0.875 0.625
vt 0.875 0.875
vt 0.625 0.875
vt 0.625 0.625
vt 0.875 0.625
vt 0.875 0.875
vt 0.625 0.875
vt 0.625 0.625
vt 0.875 0.625
vt 0.875 0.875
vt 0.625 0.875
vt 0.625 0.625
vt 0.875 0.625
vt 0.875 0.875
vt 0.625 0.875
vt 0.625 0.625
vt 0.875 0.625
vt 0.875 0.875
vt 0.625 0.875
vt 0.625 0.625
vt 0.875 0.625
vt 0.875 0.875
vt 0.625 0.875
vt 0.625 0.625
vt 0.875 0.625
vt 0.875 0.875
vt 0.625 0.875
vt 0.625 0.625
vt 0.875 0.625
vt 0.875 0.875
vt 0.625 0.875
vt 0.625 0.625
vt 0.875 0.625
vt 0.875 0.875
vt 0.625 0.875
vt 0.625 0.625
vt 0.875 0.625
vt 0.875 0.875
vt 0.625 0.875
vt 0.625 0.625
vt 0.875 0.625
vt 0.875 0.875
vt 0.625 0.875
vt 0.625 0.625
vt 0.875 0.625
vt 0.875 0.875
vt 0.625 0.875
vt 0.625 0.625
vt 0.875 0.625
vt 0.875 0.875
vt 0.625 0.875
vt 0.625 0.625
vt 0.875 0.625
vt 0.875 0.875
vt 0.625 0.875
vt 0.625 0.625
vt 0.875 0.625
vt 0.875 0.875
vt 0.625 0.875
vt 0.625 0.625
vt 0.875 0.625
vt 0.875 0.875
vt 0.625 0.875
vt 0.625 0.625
vt 0.875 0.625
vt 0.875 0.875
vt 0.625 0.875
vt 0.625 0.625
vt 0.875 0.625
vt 0.875 0.875
vt 0.625 0.875
vt 0.625 0.625
vt 0.875 0.625
vt 0.875 0.875
vt 0.625 0.875
vt 0.625 0.625
vt 0.875 0.625
vt 0.875 0.875
vt 0.625 0.875
vt 0.625 0.625
vt 0.875 0.625
vt 0.875 0.875
vt 0.625 0.875
vt 0.625 0.625
vt 0.875 0.625
vt 0.875 0.875
vt 0.625 0.875
vt 0.625 0.625
vt 0.875 0.625
vt 0.875 0.875
vt 0.625 0.875
vt 0.625 0.625
vt 0.875 0.625
vt 0.875 0.875
vt 0.625 0.875
vt 0.625 0.625
vt 0.875 0.625
vt 0.875 0.875
vt 0.625 0.875
vt 0.625 0.625
vt 0.875 0.625
vt 0.875 0.875
vt 0.625 0.875
vt 0.625 0.625
vt 0.875 0.625
vt 0.875 0.875
vt 0.625 0.875
vt 0.625 0.625
vt 0.875 0.625
vt 0.875 0.875
vt 0.625 0.875
vt 0.625 0.625
vt 0.875 0.625
vt 0.875 0.875
vt 0.625 0.875
vt 0.625 0.625
vt 0.875 0.625
vt 0.875 0.875
vt 0.625 0.875
vt 0.625 0.625
vt 0.875 0.625
vt 0.875 0.875
vt 0.625 0.875
vt 0.625 0.625
vt 0.875 0.625
vt 0.875 0.875
vt 0.625 0.875
vt 0.625 0.625
vt 0.875 0.625
vt 0.875 0.875
vt 0.625 0.875
vt 0.625 0.625
vt 0.875 0.625
vt 0.875 0.875
vt 0.625 0.875
vt 0.625 0.625
vt 0.875 0.625
vt 0.875 0.875
vt 0.625 0.875
vt 0.625 0.625
vt 0.875 0.625
vt 0.875 0.875
vt 0.625 0.875
vt 0.625 0.625
vt 0.875 0.625
vt 0.875 0.875
vt 0.625 0.875
vt 0.625 0.625
vt 0.875 0.625
vt 0.875 0.875
vt 0.625 0.875
vt 0.625 0.625
vt 0.875 0.625
vt 0.875 0.875
vt 0.625 0.875
vt 0.625 0.625
vt 0.875 0.625
vt 0.875 0.875
vt 0.625 0.875
vt 0.625 0.625
vt 0.875 0.625
vt 0.875 0.875
vt 0.625 0.875
vt 0.625 0.625
vt 0.875 0.625
vt 0.875 0.875
vt 0.625 0.875
vt 0.625 0.625
vt 0.875 0.625
vt 0.875 0.875
vt 0.625 0.875
vt 0.625 0.625
vt 0.875 0.625
vt 0.875 0.875
vt 0.625 0.875
vt 0.625 0.625
vt 0.875 0.625
vt 0.875 0.875
vt 0.625 0.875
vt 0.625 0.625
vt 0.875 0.625
vt 0.875 0.875
vt 0.625 0.875
vt 0.625 0.625
vt 0.875 0.625
vt 0.875 0.875
vt 0.625 0.875
vt 0.625 0.625
vt 0.875 0.625
vt 0.875 0.875
vt 0.625 0.875
vt 0.625 0.625
vt 0.875 0.625
vt 0.875 0.875
vt 0.625 0.875
vt 0.625 0.625
vt 0.875 0.625
vt 0.875 0.875
vt 0.625 0.875
vt 0.625 0.625
vt 0.875 0.625
vt 0.875 0.875
vt 0.625 0.875
vt 0.625 0.625
vt 0.875 0.625
vt 0.875 0.875
vt 0.625 0.875
vt 0.625 0.625
vt 0.875 0.625
vt 0.875 0.875
vt 0.625 0.875
vt 0.625 0.625
vt 0.875 0.625
vt 0.875 0.875
vt 0.625 0.875
vt 0.625 0.625
vt 0.875 0.625
vt 0.875 0.875
vt 0.625 0.875
vt 0.625 0.625
vt 0.875 0.625
vt 0.875 0.875
vt 0.625 0.875
vt 0.625 0.625
vt 0.875 0.625
vt 0.875 0.875
vt 0.625 0.875
vt 0.625 0.625
vt 0.875 0.625
vt 0.875 0.875
vt 0.625 0.875
vt 0.625 0.625
vt 0.875 0.625
vt 0.875 0.875
vt 0.625 0.875
vt 0.625 0.625
vt 0.875 0.625
vt 0.875 0.875
vt 0.625 0.875
vt 0.625 0.625
vt 0.875 0.625
vt 0.875 0.875
vt 0.625 0.875
vt 0.625 0.625
vt 0.875 0.625
vt 0.875 0.875
vt 0.625 0.875
vt 0.625 0.625
vt 0.875 0.625
vt 0.875 0.875
vt 0.625 0.875
vt 0.625 0.625
vt 0.875 0.625
vt 0.875 0.875
vt 0.625 0.875
vt 0.625 0.625
vt 0.875 0.625
vt 0.875 0.875
vt 0.625 0.875
vt 0.625 0.625
vt 0.875 0.625
vt 0.875 0.875
vt 0.625 0.875
vt 0.625 0.625
vt 0.875 0.625
vt 0.875 0.875
vt 0.625 0.875
vt 0.625 0.625
vt 0.875 0.625
vt 0.875 0.875
vt 0.625 0.875
vt 0.625 0.625
vt 0.875 0.625
vt 0.875 0.875
vt 0.625 0.875
vt 0.625 0.625
vt 0.875 0.625
vt 0.875 0.875
vt 0.625 0.875
vt 0.625 0.625
vt 0.875 0.625
vt 0.875 0.875
vt 0.625 0.875
vt 0.625 0.625
vt 0.875 0.625
vt 0.875 0.875
vt 0.625 0.875
vt 0.625 0.625
vt 0.875 0.625
vt 0.875 0.875
vt 0.625 0.875
vt 0.625 0.625
vt 0.875 0.625
vt 0.875 0.875
vt 0.625 0.875
vt 0.625 0.625
vt 0.875 0.625
vt 0.875 0.875
vt 0.625 0.875
vt 0.625 0.625
vt 0.875 0.625
vt 0.875 0.875
vt 0.625 0.875
vt 0.625 0.625
vt 0.875 0.625
vt 0.875 0.875
vt 0.625 0.875
vt 0.625 0.625
vt 0.875 0.625
vt 0.875 0.875
vt 0.625 0.875
vt 0.625 0.625
vt 0.875 0.625
vt 0.875 0.875
vt 0.625 0.875
vt 0.625 0.625
vt 0.875 0.625
vt 0.875 0.875
vt 0.625 0.875
vt 0.625 0.625
vt 0.875 0.625
vt 0.875 0.875
vt 0.625 0.875
vt 0.625 0.625
vt 0.875 0.625
vt 0.875 0.875
vt 0.625 0.875
vt 0.625 0.625
vt 0.875 0.625
vt 0.875 0.875
vt 0.625 0.875
vt 0.625 0.625
vt 0.875 0.625
vt 0.875 0.875
vt 0.625 0.875
vt 0.625 0.625
vt 0.875 0.625
vt 0.875 0.875
vt 0.625 0.875
vt 0.625 0.625
vt 0.875 0.625
vt 0.875 0.875
vt 0.625 0.875
vt 0.625 0.625
vt 0.875 0.625
vt 0.875 0.875
vt 0.625 0.875
vt 0.625 0.625
vt 0.875 0.625
vt 0.875 0.875
vt 0.625 0.875
vt 0.625 0.625
vt 0.875 0.625
vt 0.875 0.875
vt 0.625 0.875
vt 0.625 0.625
vt 0.875 0.625
vt 0.875 0.875
vt 0.625 0.875
vt 0.625 0.625
vt 0.875 0.625
vt 0.875 0.875
vt 0.625 0.875
vt 0.625 0.625
vt 0.875 0.625
vt 0.875 0.875
vt 0.625 0.875
vt 0.625 0.625
vt 0.875 0.625
vt 0.875 0.875
vt 0.625 0.875
vt 0.625 0.625
vt 0.875 0.625
vt 0.875 0.875
vt 0.625 0.875
vt 0.625 0.625
vt 0.875 0.625
vt 0.875 0.875
vt 0.625 0.875
vt 0.625 0.625
vt 0.875 0.625
vt 0.875 0.875
vt 0.625 0.875
vt 0.625 0.625
vt 0.875 0.625
vt 0.875 0.875
vt 0.625 0.875
vt 0.625 0.625
vt 0.875 0.625
vt 0.875 0.875
vt 0.625 0.875
vt 0.625 0.625
vt 0.875 0.625
vt 0.875 0.875
vt 0.625 0.875
vt 0.625 0.625
vt 0.875 0.625
vt 0.875 0.875
vt 0.625 0.875
vt 0.625 0.625
vt 0.875 0.625
vt 0.875 0.875
vt 0.625 0.875
vt 0.625 0.625
vt 0.875 0.625
vt 0.875 0.875
vt 0.625 0.875
vt 0.625 0.625
vt 0.875 0.625
vt 0.875 0.875
vt 0.625 0.875
vt 0.625 0.625
vt 0.875 0.625
vt 0.875 0.875
vt 0.625 0.875
vt 0.625 0.625
vt 0.875 0.625
vt 0.875 0.875
vt 0.625 0.875
vt 0.625 0.625
vt 0.875 0.625
vt 0.875 0.875
vt 0.625 0.875
vt 0.625 0.625
vt 0.875 0.625
vt 0.875 0.875
vt 0.625 0.875
vt 0.625 0.625
vt 0.875 0.625
vt 0.875 0.875
vt 0.625 0.875
vt 0.625 0.625
vt 0.875 0.625
vt 0.875 0.875
vt 0.625 0.875
vt 0.625 0.625
vt 0.875 0.625
vt 0.875 0.875
vt 0.625 0.875
vt 0.625 0.625
vt 0.875 0.625
vt 0.875 0.875
vt 0.625 0.875
vt 0.625 0.625
vt 0.875 0.625
vt 0.875 0.875
vt 0.625 0.875
vt 0.625 0.625
vt 0.875 0.625
vt 0.875 0.875
vt 0.625 0.875
vt 0.625 0.625
vt 0.875 0.625
vt 0.875 0.875
vt 0.625 0.875
vt 0.625 0.625
vt 0.875 0.625
vt 0.875 0.875
vt 0.625 0.875
vt 0.625 0.625
vt 0.875 0.625
vt 0.875 0.875
vt 0.625 0.875
vt 0.625 0.625
vt 0.875 0.625
vt 0.875 0.875
vt 0.625 0.875
vt 0.625 0.625
vt 0.875 0.625
vt 0.875 0.875
vt 0.625 0.875
vt 0.625 0.625
vt 0.875 0.625
vt 0.875 0.875
vt 0.625 0.875
vt 0.625 0.625
vt 0.875 0.625
vt 0.875 0.875
vt 0.625 0.875
vt 0.625 0.625
vt 0.875 0.625
vt 0.875 0.875
vt 0.625 0.875
vt 0.625 0.625
vt 0.875 0.625
vt 0.875 0.875
vt 0.625 0.875
vt 0.625 0.625
vt 0.875 0.625
vt 0.875 0.875
vt 0.625 0.875
vt 0.625 0.625
vt 0.875 0.625
vt 0.875 0.875
vt 0.625 0.875
vt 0.625 0.625
vt 0.875 0.625
vt 0.875 0.875
vt 0.625 0.875
vt 0.625 0.625
vt 0.875 0.625
vt 0.875 0.875
vt 0.625 0.875
vt 0.625 0.625
vt 0.875 0.625
vt 0.875 0.875
vt 0.625 0.875
vt 0.625 0.625
vt 0.875 0.625
vt 0.875 0.875
vt 0.625 0.875
vt 0.625 0.625
vt 0.875 0.625
vt 0.875 0.875
vt 0.625 0.875
vt 0.625 0.625
vt 0.875 0.625
vt 0.875 0.875
vt 0.625 0.875
vt 0.625 0.625
vt 0.875 0.625
vt 0.875 0.875
vt 0.625 0.875
vt 0.625 0.625
vt 0.875 0.625
vt 0.875 0.875
vt 0.625 0.875
vt 0.625 0.625
vt 0.875 0.625
vt 0.875 0.875
vt 0.625 0.875
vt 0.625 0.625
vt 0.875 0.625
vt 0.875 0.875
vt 0.625 0.875
vt 0.625 0.625
vt 0.875 0.625
vt 0.875 0.875
vt 0.625 0.875
vt 0.625 0.625
vt 0.875 0.625
vt 0.875 0.875
vt 0.625 0.875
vt 0.625 0.625
vt 0.875 0.625
vt 0.875 0.875
vt 0.625 0.875
vt 0.875 0.625
vt 0.875 0.875
vt 0.625 0.875
vt 0.625 0.625
vt 0.875 0.625
vt 0.875 0.875
vt 0.625 0.875
vt 0.625 0.625
vt 0.875 0.625
vt 0.875 0.875
vt 0.625 0.875
vt 0.625 0.625
vt 0.875 0.625
vt 0.875 0.875
vt 0.625 0.875
vt 0.875 0.625
vt 0.875 0.875
vt 0.625 0.875
vt 0.625 0.625
vt 0.875 0.625
vt 0.875 0.875
vt 0.625 0.875
vt 0.625 0.625
vt 0.875 0.625
vt 0.875 0.875
vt 0.625 0.875
vt 0.625 0.625
vt 0.875 0.625
vt 0.875 0.875
vt 0.625 0.875
vt 0.875 0.625
vt 0.875 0.875
vt 0.625 0.875
vt 0.625 0.625
vt 0.875 0.625
vt 0.875 0.875
vt 0.625 0.875
vt 0.625 0.625
vt 0.875 0.625
vt 0.875 0.875
vt 0.625 0.875
vt 0.625 0.625
vt 0.875 0.625
vt 0.875 0.875
vt 0.625 0.875
vt 0.875 0.625
vt 0.875 0.875
vt 0.625 0.875
vt 0.625 0.625
vt 0.875 0.625
vt 0.875 0.875
vt 0.625 0.875
vt 0.625 0.625
vt 0.875 0.625
vt 0.875 0.875
vt 0.625 0.875
vt 0.625 0.625
vt 0.875 0.625
vt 0.875 0.875
vt 0.625 0.875
vt 0.875 0.625
vt 0.875 0.875
vt 0.625 0.875
vt 0.625 0.625
vt 0.875 0.625
vt 0.875 0.875
vt 0.625 0.875
vt 0.625 0.625
vt 0.875 0.625
vt 0.875 0.875
vt 0.625 0.875
vt 0.625 0.625
vt 0.875 0.625
vt 0.875 0.875
vt 0.625 0.875
vt 0.875 0.625
vt 0.875 0.875
vt 0.625 0.875
vt 0.625 0.625
vt 0.875 0.625
vt 0.875 0.875
vt 0.625 0.875
vt 0.625 0.625
vt 0.875 0.625
vt 0.875 0.875
vt 0.625 0.875
vt 0.625 0.625
vt 0.875 0.625
vt 0.875 0.875
vt 0.625 0.875
vt 0.875 0.625
vt 0.875 0.875
vt 0.625 0.875
vt 0.625 0.625
vt 0.875 0.625
vt 0.875 0.875
vt 0.625 0.875
vt 0.625 0.625
vt 0.875 0.625
vt 0.875 0.875
vt 0.625 0.875
vt 0.625 0.625
vt 0.875 0.625
vt 0.875 0.875
vt 0.625 0.875
vt 0.875 0.625
vt 0.875 0.875
vt 0.625 0.875
vt 0.625 0.625
vt 0.875 0.625
vt 0.875 0.875
vt 0.625 0.875
vt 0.625 0.625
vt 0.875 0.625
vt 0.875 0.875
vt 0.625 0.875
vt 0.625 0.625
vt 0.875 0.625
vt 0.875 0.875
vt 0.625 0.875
vt 0.875 0.625
vt 0.875 0.875
vt 0.625 0.875
vt 0.625 0.625
vt 0.875 0.625
vt 0.875 0.875
vt 0.625 0.875
vt 0.625 0.625
vt 0.875 0.625
vt 0.875 0.875
vt 0.625 0.875
vt 0.625 0.625
vt 0.875 0.625
vt 0.875 0.875
vt 0.625 0.875
vt 0.875 0.625
vt 0.875 0.875
vt 0.625 0.875
vt 0.625 0.625
vt 0.875 0.625
vt 0.875 0.875
vt 0.625 0.875
vt 0.625 0.625
vt 0.875 0.625
vt 0.875 0.875
vt 0.625 0.875
vt 0.625 0.625
vt 0.875 0.625
vt 0.875 0.875
vt 0.625 0.875
vt 0.875 0.625
vt 0.875 0.875
vt 0.625 0.875
vt 0.625 0.625
vt 0.875 0.625
vt 0.875 0.875
vt 0.625 0.875
vt 0.625 0.625
vt 0.875 0.625
vt 0.875 0.875
vt 0.625 0.875
vt 0.625 0.625
vt 0.875 0.625
vt 0.875 0.875
vt 0.625 0.875
vt 0.875 0.625
vt 0.875 0.875
vt 0.625 0.875
vt 0.625 0.625
vt 0.875 0.625
vt 0.875 0.875
vt 0.625 0.875
vt 0.625 0.625
vt 0.875 0.625
vt 0.875 0.875
vt 0.625 0.875
vt 0.625 0.625
vt 0.875 0.625
vt 0.875 0.875
vt 0.625 0.875
vt 0.875 0.625
vt 0.875 0.875
vt 0.625 0.875
vt 0.625 0.625
vt 0.875 0.625
vt 0.875 0.875
vt 0.625 0.875
vt 0.625 0.625
vt 0.875 0.625
vt 0.875 0.875
vt 0.625 0.875
vt 0.625 0.625
vt 0.875 0.625
vt 0.875 0.875
vt 0.625 0.875
vt 0.875 0.625
vt 0.875 0.875
vt 0.625 0.875
vt 0.625 0.625
vt 0.875 0.625
vt 0.875 0.875
vt 0.625 0.875
vt 0.625 0.625
vt 0.875 0.625
vt 0.875 0.875
vt 0.625 0.875
vt 0.625 0.625
vt 0.875 0.625
vt 0.875 0.875
vt 0.625 0.875
vt 0.875 0.625
vt 0.875 0.875
vt 0.625 0.875
vt 0.625 0.625
vt 0.875 0.625
vt 0.875 0.875
vt 0.625 0.875
vt 0.625 0.625
vt 0.875 0.625
vt 0.875 0.875
vt 0.625 0.875
vt 0.625 0.625
vt 0.875 0.625
vt 0.875 0.875
vt 0.625 0.875
vn 0.3315504092560098 0.49787602313567425 0.8013699468465099
vn 0.2540751708428887 0.74706929717527 0.6142745906996356
vn 1.9811485193646985e-7 0.7463260627961226 0.6655805045155687
vn -1.3587271820987187e-7 0.49695792006583955 0.8677746399174247
vn -0.0630475513253207 0.9863176928441323 -0.15232338971579168
vn 0.0000013102236720692908 0.9862912376581274 -0.16501392219168282
vn -0.37087422443388157 0.24271049594937436 -0.8964061160024377
vn 9.032404058927083e-7 0.2423477648495858 -0.9701894458669369
vn -0.36958989938176334 -0.256345651757945 -0.8931350475150847
vn 2.0625297875600688e-7 -0.2557534039096716 -0.9667420526637776
vn 0.612996385179363 0.498468595642773 0.6129963221055701
vn 0.46968274302737817 0.7475267711505894 0.46968270919361305
vn -0.11655843590268487 0.9863204591975737 -0.11655935307047217
vn -0.6859338812126725 0.2428747112826836 -0.6859348257843979
vn -0.6834065737288082 -0.25673048469118664 -0.6834068431135875
vn 0.8013707739237611 0.4978745306914405 0.3315506513183314
vn 0.614274181946544 0.7470696080928817 0.25407524487413663
vn -0.15232720604920943 0.9863171395375322 -0.06304698685696102
vn -0.896407034565321 0.24270915107800686 -0.37087288437522725
vn -0.8931352841350642 -0.25634531231311136 -0.3695895630129068
vn 0.8677746399174248 0.4969579200658396 1.358727182028083e-7
vn 0.6655805045155687 0.7463260627961226 -1.9811485193646985e-7
vn -0.1650139221916828 0.9862912376581273 -0.0000013102236720692905
vn -0.9701894458669369 0.24234776484958584 -9.032404058927083e-7
vn -0.9667420526637776 -0.2557534039096716 -2.0625297875600688e-7
vn -0.8013699468465098 0.49787602313567414 0.33155040925600976
vn -0.6142745906996356 0.74706929717527 0.2540751708428887
vn -0.6655805045155688 0.7463260627961226 1.981148519400719e-7
vn -0.8677746399174249 0.49695792006583955 -1.358727182028083e-7
vn 0.15232338971579168 0.9863176928441323 -0.0630475513253207
vn 0.16501392219168282 0.9862912376581274 0.0000013102236720781291
vn 0.8964061160024377 0.24271049594937436 -0.37087422443388157
vn 0.970189445866937 0.24234776484958587 9.032404059007338e-7
vn 0.8931350475150847 -0.256345651757945 -0.36958989938176334
vn 0.9667420526637776 -0.2557534039096716 2.0625297875600688e-7
vn -0.6129963221055701 0.498468595642773 0.612996385179363
vn -0.46968270919361305 0.7475267711505894 0.46968274302737817
vn 0.11655935307047217 0.9863204591975737 -0.11655843590268487
vn 0.6859348257843979 0.2428747112826836 -0.6859338812126725
vn 0.6834068431135875 -0.25673048469118664 -0.6834065737288082
vn -0.3315506513183314 0.4978745306914405 0.8013707739237611
vn -0.2540752448741366 0.7470696080928817 0.6142741819465439
vn 0.063046986856961 0.9863171395375322 -0.1523272060492094
vn 0.3708728843752272 0.24270915107800675 -0.8964070345653209
vn 0.3695895630129068 -0.25634531231311136 -0.8931352841350642
vn -0.3315504092560098 0.49787602313567425 -0.8013699468465099
vn -0.2540751708428887 0.74706929717527 -0.6142745906996356
vn -1.9811485193646985e-7 0.7463260627961226 -0.6655805045155687
vn 1.3587271820987187e-7 0.49695792006583955 -0.8677746399174247
vn 0.0630475513253207 0.9863176928441323 0.15232338971579168
vn -0.0000013102236720692908 0.9862912376581274 0.16501392219168282
vn 0.37087422443388157 0.24271049594937436 0.8964061160024377
vn -9.032404058927083e-7 0.2423477648495858 0.9701894458669369
vn 0.36958989938176334 -0.256345651757945 0.8931350475150847
vn -2.0625297875600688e-7 -0.2557534039096716 0.9667420526637776
vn -0.612996385179363 0.498468595642773 -0.6129963221055701
vn -0.46968274302737817 0.7475267711505894 -0.46968270919361305
vn 0.11655843590268487 0.9863204591975737 0.11655935307047217
vn 0.6859338812126725 0.2428747112826836 0.6859348257843979
vn 0.6834065737288082 -0.25673048469118664 0.6834068431135875
vn -0.8013707739237611 0.4978745306914405 -0.3315506513183314
vn -0.614274181946544 0.7470696080928817 -0.25407524487413663
vn 0.15232720604920943 0.9863171395375322 0.06304698685696102
vn 0.896407034565321 0.24270915107800686 0.37087288437522725
vn 0.8931352841350642 -0.25634531231311136 0.3695895630129068
vn 0.8013699468465098 0.49787602313567414 -0.33155040925600976
vn 0.6142745906996356 0.74706929717527 -0.2540751708428887
vn -0.15232338971579168 0.9863176928441323 0.0630475513253207
vn -0.8964061160024377 0.24271049594937436 0.37087422443388157
vn -0.8931350475150847 -0.256345651757945 0.36958989938176334
vn 0.6129963221055701 0.498468595642773 -0.612996385179363
vn 0.46968270919361305 0.7475267711505894 -0.46968274302737817
vn -0.11655935307047217 0.9863204591975737 0.11655843590268487
vn -0.6859348257843979 0.2428747112826836 0.6859338812126725
vn -0.6834068431135875 -0.25673048469118664 0.6834065737288082
vn 0.3315506513183314 0.4978745306914405 -0.8013707739237611
vn 0.2540752448741366 0.7470696080928817 -0.6142741819465439
vn -0.063046986856961 0.9863171395375322 0.1523272060492094
vn -0.3708728843752272 0.24270915107800675 0.8964070345653209
vn -0.3695895630129068 -0.25634531231311136 0.8931352841350642
vn 0.37666044480777 -0.07697922964361562 0.9231473920889819
vn 0.37472165836133897 0.19904419095189568 0.9055192371248849
vn 0.00009844226223907485 0.20306422473371766 0.9791654155158951
vn -0.004840145048469257 -0.07208612120316159 0.9973866673090195
vn 0.3597328605412199 0.3388192650326889 0.869364005862642
vn -2.376683907023004e-8 0.33808053453422643 0.9411171830165738
vn 0.3496462062842667 0.40456112899843516 0.8450312558329021
vn 1.3005713961049788e-8 0.4037245056926327 0.9148806061466378
vn 0.7088332977441786 -0.07301753935627106 0.7015866268362503
vn 0.692188976113175 0.20384758624088997 0.692329822361537
vn 0.6651600867758959 0.339299311670486 0.6651601582026819
vn 0.6464866782233084 0.4051049452168912 0.6464866264978822
vn 0.9238570918847981 -0.06817668434335847 0.3766165337397041
vn 0.903793851085802 0.20802795449319625 0.37400674444302734
vn 0.8693638851878248 0.3388197139509948 0.3597327293551378
vn 0.845031344670238 0.4045608647985383 0.349646297275215
vn 0.9976954668222133 -0.06785097996643713 -1.2127503346053684e-8
vn 0.9782261933453578 0.2075415974041122 1.2224510837779613e-8
vn 0.9411171830165738 0.33808053453422643 2.376683907023004e-8
vn 0.9148806061466377 0.4037245056926327 -1.3005713946944095e-8
vn -0.9218676120116129 -0.06800941535032713 0.38149026900789096
vn -0.9037939049206564 0.20802758340571537 0.3740068207541809
vn -0.9782261933453578 0.20754159740411224 -1.2224510844872659e-8
vn -0.9976954668222133 -0.06785097996643713 1.2127503346053684e-8
vn -0.869364005862642 0.3388192650326889 0.3597328605412199
vn -0.9411171830165738 0.33808053453422643 -2.376683907023004e-8
vn -0.8450312558329021 0.40456112899843516 0.3496462062842667
vn -0.9148806061466378 0.4037245056926327 1.3005713961049788e-8
vn -0.7054647689767968 -0.06810920776792372 0.7054648081582386
vn -0.691590088211234 0.20834196049615492 0.6915900356313677
vn -0.6651601582026819 0.339299311670486 0.6651600867758959
vn -0.6464866264978822 0.4051049452168912 0.6464866782233084
vn -0.3814903101225348 -0.0680092652536135 0.9218676060705656
vn -0.37400674444302734 0.20802795449319625 0.903793851085802
vn -0.3597327293551378 0.3388197139509948 0.8693638851878248
vn -0.349646297275215 0.4045608647985383 0.845031344670238
vn -0.381490269007891 -0.06800941535032713 -0.9218676120116129
vn -0.3740068207541809 0.20802758340571537 -0.9037939049206564
vn 1.2224510844872659e-8 0.20754159740411224 -0.9782261933453578
vn -1.2127503346053681e-8 -0.06785097996643712 -0.9976954668222131
vn -0.3597328605412199 0.3388192650326889 -0.869364005862642
vn 2.376683907023004e-8 0.33808053453422643 -0.9411171830165738
vn -0.3496462062842667 0.40456112899843516 -0.8450312558329021
vn -1.3005713961049788e-8 0.4037245056926327 -0.9148806061466378
vn -0.7054648081582388 -0.06810920776792373 -0.7054647689767968
vn -0.6915900356313677 0.20834196049615492 -0.691590088211234
vn -0.6651600867758959 0.339299311670486 -0.6651601582026819
vn -0.6464866782233084 0.4051049452168912 -0.6464866264978822
vn -0.9218676060705658 -0.06800926525361355 -0.38149031012253487
vn -0.903793851085802 0.20802795449319625 -0.37400674444302734
vn -0.8693638851878248 0.3388197139509948 -0.3597327293551378
vn -0.845031344670238 0.4045608647985383 -0.349646297275215
vn 0.9218676120116129 -0.06800941535032713 -0.38149026900789096
vn 0.9037939049206564 0.20802758340571537 -0.3740068207541809
vn 0.869364005862642 0.3388192650326889 -0.3597328605412199
vn 0.8450312558329021 0.40456112899843516 -0.3496462062842667
vn 0.7054647689767968 -0.06810920776792372 -0.7054648081582386
vn 0.691590088211234 0.20834196049615492 -0.6915900356313677
vn 0.6651601582026819 0.339299311670486 -0.6651600867758959
vn 0.6464866264978822 0.4051049452168912 -0.6464866782233084
vn 0.3814903101225348 -0.0680092652536135 -0.9218676060705656
vn 0.37400674444302734 0.20802795449319625 -0.903793851085802
vn 0.3597327293551378 0.3388197139509948 -0.8693638851878248
vn 0.349646297275215 0.4045608647985383 -0.845031344670238
vn 0.30482060801018246 -0.6034304585797639 0.7368555344099131
vn 0.26631134286577907 -0.7172904259024577 0.6438732123405168
vn 2.9758111777496323e-8 -0.7164328862806697 0.6976560180028178
vn 3.418099131230169e-7 -0.6024937730633029 0.7981235827989476
vn 0.23972164355242062 -0.7482788504747526 0.6185566227474321
vn -0.019825909550605463 -0.7162630622333092 0.6975486785813976
vn 0.3074522941029453 -0.5195414956709667 0.7972137236192129
vn -0.025439623435067137 -0.4784533938361999 0.8777443679603442
vn 0.5635338482893144 -0.6040360674577044 0.5635335225543088
vn 0.4922891504863663 -0.7178459920465993 0.49228906550526336
vn 0.5012250780997964 -0.7230829624263427 0.47531510656889225
vn 0.6345557538275477 -0.48690731009795113 0.6002168496947834
vn 0.7368546132879082 -0.6034314595089372 0.3048208532092924
vn 0.6438733488978289 -0.7172902458569117 0.26631149764444206
vn 0.6733607847836991 -0.6905013208833416 0.26418398773173546
vn 0.8337834702484552 -0.4465407305063024 0.3246636732671846
vn 0.7981235827989476 -0.6024937730633029 -3.418099131089067e-7
vn 0.6976560180028177 -0.7164328862806697 -2.9758111763463436e-8
vn 0.7239424474953124 -0.6898603718974539 5.9478099721916645e-8
vn 0.8951661569500579 -0.44573260083963384 1.2801595343065906e-8
vn -0.7368555344099131 -0.6034304585797637 0.3048206080101825
vn -0.6438732123405168 -0.7172904259024576 0.2663113428657791
vn -0.6976560180028178 -0.7164328862806697 2.9758111763463436e-8
vn -0.7981235827989476 -0.6024937730633029 3.418099131089067e-7
vn -0.6681975494010477 -0.6907409815892741 0.27638547597064567
vn -0.7239424474953124 -0.6898603718974538 -5.947809972895844e-8
vn -0.8267806878279715 -0.44656031983894573 0.3420783170270292
vn -0.8951661569500579 -0.44573260083963384 -1.2801595335874045e-8
vn -0.5635335225543087 -0.6040360674577044 0.5635338482893144
vn -0.49228906550526336 -0.7178459920465993 0.4922891504863663
vn -0.5109267783361465 -0.6913087787450191 0.5109266088286227
vn -0.6325032499185961 -0.4470786549760199 0.6325032135153519
vn -0.3048208532092924 -0.6034314595089372 0.7368546132879082
vn -0.2663114976444422 -0.7172902458569118 0.6438733488978291
vn -0.2763851909709012 -0.6907413032934328 0.6681973347271509
vn -0.3420782889138268 -0.4465602784880729 0.8267807217941423
vn -0.30482060801018246 -0.6034304585797639 -0.7368555344099131
vn -0.26631134286577907 -0.7172904259024577 -0.6438732123405168
vn -2.9758111777496323e-8 -0.7164328862806697 -0.6976560180028178
vn -3.418099131230169e-7 -0.6024937730633029 -0.7981235827989476
vn -0.27638547597064567 -0.6907409815892741 -0.6681975494010477
vn 5.9478099714874843e-8 -0.6898603718974538 -0.7239424474953123
vn -0.34207831702702923 -0.44656031983894573 -0.8267806878279715
vn 1.2801595335874042e-8 -0.44573260083963373 -0.8951661569500579
vn -0.5635338482893144 -0.6040360674577044 -0.5635335225543088
vn -0.4922891504863663 -0.7178459920465993 -0.49228906550526336
vn -0.5109266088286227 -0.6913087787450191 -0.5109267783361465
vn -0.6325032135153519 -0.4470786549760199 -0.6325032499185961
vn -0.7368546132879082 -0.6034314595089372 -0.3048208532092924
vn -0.6438733488978289 -0.7172902458569117 -0.26631149764444206
vn -0.6681973347271509 -0.6907413032934328 -0.2763851909709012
vn -0.8267807217941423 -0.44656027848807295 -0.3420782889138268
vn 0.7368555344099131 -0.6034304585797637 -0.3048206080101825
vn 0.6438732123405168 -0.7172904259024576 -0.2663113428657791
vn 0.6681975494010477 -0.6907409815892741 -0.27638547597064567
vn 0.8267806878279715 -0.44656031983894573 -0.3420783170270292
vn 0.5635335225543087 -0.6040360674577044 -0.5635338482893144
vn 0.49228906550526336 -0.7178459920465993 -0.4922891504863663
vn 0.5109267783361465 -0.6913087787450191 -0.5109266088286227
vn 0.6325032499185961 -0.4470786549760199 -0.6325032135153519
vn 0.3048208532092924 -0.6034314595089372 -0.7368546132879082
vn 0.2663114976444422 -0.7172902458569118 -0.6438733488978291
vn 0.2763851909709012 -0.6907413032934328 -0.6681973347271509
vn 0.3420782889138268 -0.4465602784880729 -0.8267807217941423
vn 0.22668058861116783 -0.8051732221183505 -0.5480072929537051
vn -2.365787479702134e-7 -0.804626575320409 -0.593781167003547
vn 0.0633661265862124 -0.9861491323872085 -0.15327955732391849
vn 5.282187462544848e-8 -0.9860828405900176 -0.16625471871173791
vn 0.01733283070660884 -0.998970215748522 -0.04192947682773152
vn -2.069991640559283e-9 -0.9989651270779373 -0.04548268771918282
vn 3.524091034397922e-19 -1 -1.0843357028916683e-19
vn 0.4190537900471899 -0.8054736296671018 -0.41905387834739105
vn 0.11710178030785971 -0.9861918475970732 -0.11710171980718713
vn 0.03203057549165897 -0.9989735154699121 -0.03203057325990714
vn 0.548008641871978 -0.8051722390970308 -0.22668081926158676
vn 0.153279471341447 -0.9861491413154624 -0.06336619562560827
vn 0.04192949408525418 -0.99897021490971 -0.01733283730386748
vn 0.593781167003547 -0.804626575320409 -2.3657874796080376e-7
vn 0.16625471871173791 -0.9860828405900176 5.282187462632009e-8
vn 0.04548268771918282 -0.9989651270779373 -2.069991641210136e-9
vn -0.5480072929537051 -0.8051732221183504 -0.2266805886111678
vn -0.593781167003547 -0.804626575320409 2.365787479626857e-7
vn -0.15327955732391849 -0.9861491323872085 -0.0633661265862124
vn -0.16625471871173791 -0.9860828405900176 -5.282187462544848e-8
vn -0.04192947682773152 -0.998970215748522 -0.01733283070660884
vn -0.04548268771918282 -0.9989651270779373 2.069991640559283e-9
vn -0.41905387834739116 -0.805473629667102 -0.41905379004718996
vn -0.11710171980718713 -0.9861918475970732 -0.11710178030785971
vn -0.03203057325990714 -0.9989735154699121 -0.03203057549165897
vn -0.22668081926158676 -0.8051722390970308 -0.548008641871978
vn -0.06336619562560827 -0.9861491413154624 -0.153279471341447
vn -0.01733283730386748 -0.99897021490971 -0.04192949408525418
vn -0.22668058861116783 -0.8051732221183505 0.5480072929537051
vn 2.365787479702134e-7 -0.804626575320409 0.593781167003547
vn -0.0633661265862124 -0.9861491323872085 0.15327955732391849
vn -5.282187462544848e-8 -0.9860828405900176 0.16625471871173791
vn -0.01733283070660884 -0.998970215748522 0.04192947682773152
vn 2.069991640559283e-9 -0.9989651270779373 0.04548268771918282
vn -0.4190537900471899 -0.8054736296671018 0.41905387834739105
vn -0.11710178030785971 -0.9861918475970732 0.11710171980718713
vn -0.03203057549165897 -0.9989735154699121 0.03203057325990714
vn -0.548008641871978 -0.8051722390970308 0.22668081926158676
vn -0.153279471341447 -0.9861491413154624 0.06336619562560827
vn -0.04192949408525418 -0.99897021490971 0.01733283730386748
vn 0.5480072929537051 -0.8051732221183504 0.2266805886111678
vn 0.15327955732391849 -0.9861491323872085 0.0633661265862124
vn 0.04192947682773152 -0.998970215748522 0.01733283070660884
vn 0.41905387834739116 -0.805473629667102 0.41905379004718996
vn 0.11710171980718713 -0.9861918475970732 0.11710178030785971
vn 0.03203057325990714 -0.9989735154699121 0.03203057549165897
vn 0.22668081926158676 -0.8051722390970308 0.548008641871978
vn 0.06336619562560827 -0.9861491413154624 0.153279471341447
vn 0.01733283730386748 -0.99897021490971 0.04192949408525418
usemtl m_20b528d0-e54d-ee22-b57a-857978418577
f 1/1/1 2/2/2 3/3/3 4/4/4
f 2/5/2 5/6/5 6/7/6 3/8/3
f 5/9/5 7/10/7 8/11/8 6/12/6
f 7/13/7 9/14/9 10/15/10 8/16/8
f 11/17/11 12/18/12 2/19/2 1/20/1
f 12/21/12 13/22/13 5/23/5 2/24/2
f 13/25/13 14/26/14 7/27/7 5/28/5
f 14/29/14 15/30/15 9/31/9 7/32/7
f 16/33/16 17/34/17 12/35/12 11/36/11
f 17/37/17 18/38/18 13/39/13 12/40/12
f 18/41/18 19/42/19 14/43/14 13/44/13
f 19/45/19 20/46/20 15/47/15 14/48/14
f 21/49/21 22/50/22 17/51/17 16/52/16
f 22/53/22 23/54/23 18/55/18 17/56/17
f 23/57/23 24/58/24 19/59/19 18/60/18
f 24/61/24 25/62/25 20/63/20 19/64/19
f 26/65/26 27/66/27 28/67/28 29/68/29
f 27/69/27 30/70/30 31/71/31 28/72/28
f 30/73/30 32/74/32 33/75/33 31/76/31
f 32/77/32 34/78/34 35/79/35 33/80/33
f 36/81/36 37/82/37 27/83/27 26/84/26
f 37/85/37 38/86/38 30/87/30 27/88/27
f 38/89/38 39/90/39 32/91/32 30/92/30
f 39/93/39 40/94/40 34/95/34 32/96/32
f 41/97/41 42/98/42 37/99/37 36/100/36
f 42/101/42 43/102/43 38/103/38 37/104/37
f 43/105/43 44/106/44 39/107/39 38/108/38
f 44/109/44 45/110/45 40/111/40 39/112/39
f 4/113/4 3/114/3 42/115/42 41/116/41
f 3/117/3 6/118/6 43/119/43 42/120/42
f 6/121/6 8/122/8 44/123/44 43/124/43
f 8/125/8 10/126/10 45/127/45 44/128/44
f 46/129/46 47/130/47 48/131/48 49/132/49
f 47/133/47 50/134/50 51/135/51 48/136/48
f 50/137/50 52/138/52 53/139/53 51/140/51
f 52/141/52 54/142/54 55/143/55 53/144/53
f 56/145/56 57/146/57 47/147/47 46/148/46
f 57/149/57 58/150/58 50/151/50 47/152/47
f 58/153/58 59/154/59 52/155/52 50/156/50
f 59/157/59 60/158/60 54/159/54 52/160/52
f 61/161/61 62/162/62 57/163/57 56/164/56
f 62/165/62 63/166/63 58/167/58 57/168/57
f 63/169/63 64/170/64 59/171/59 58/172/58
f 64/173/64 65/174/65 60/175/60 59/176/59
f 29/177/29 28/178/28 62/179/62 61/180/61
f 28/181/28 31/182/31 63/183/63 62/184/62
f 31/185/31 33/186/33 64/187/64 63/188/63
f 33/189/33 35/190/35 65/191/65 64/192/64
f 66/193/66 67/194/67 22/195/22 21/196/21
f 67/197/67 68/198/68 23/199/23 22/200/22
f 68/201/68 69/202/69 24/203/24 23/204/23
f 69/205/69 70/206/70 25/207/25 24/208/24
f 71/209/71 72/210/72 67/211/67 66/212/66
f 72/213/72 73/214/73 68/215/68 67/216/67
f 73/217/73 74/218/74 69/219/69 68/220/68
f 74/221/74 75/222/75 70/223/70 69/224/69
f 76/225/76 77/226/77 72/227/72 71/228/71
f 77/229/77 78/230/78 73/231/73 72/232/72
f 78/233/78 79/234/79 74/235/74 73/236/73
f 79/237/79 80/238/80 75/239/75 74/240/74
f 49/241/49 48/242/48 77/243/77 76/244/76
f 48/245/48 51/246/51 78/247/78 77/248/77
f 51/249/51 53/250/53 79/251/79 78/252/78
f 53/253/53 55/254/55 80/255/80 79/256/79
f 81/257/81 82/258/82 83/259/83 84/260/84
f 82/261/82 85/262/85 86/263/86 83/264/83
f 85/265/85 87/266/87 88/267/88 86/268/86
f 87/269/87 1/270/1 4/271/4 88/272/88
f 89/273/89 90/274/90 82/275/82 81/276/81
f 90/277/90 91/278/91 85/279/85 82/280/82
f 91/281/91 92/282/92 87/283/87 85/284/85
f 92/285/92 11/286/11 1/287/1 87/288/87
f 93/289/93 94/290/94 90/291/90 89/292/89
f 94/293/94 95/294/95 91/295/91 90/296/90
f 95/297/95 96/298/96 92/299/92 91/300/91
f 96/301/96 16/302/16 11/303/11 92/304/92
f 97/305/97 98/306/98 94/307/94 93/308/93
f 98/309/98 99/310/99 95/311/95 94/312/94
f 99/313/99 100/314/100 96/315/96 95/316/95
f 100/317/100 21/318/21 16/319/16 96/320/96
f 101/321/101 102/322/102 103/323/103 104/324/104
f 102/325/102 105/326/105 106/327/106 103/328/103
f 105/329/105 107/330/107 108/331/108 106/332/106
f 107/333/107 26/334/26 29/335/29 108/336/108
f 109/337/109 110/338/110 102/339/102 101/340/101
f 110/341/110 111/342/111 105/343/105 102/344/102
f 111/345/111 112/346/112 107/347/107 105/348/105
f 112/349/112 36/350/36 26/351/26 107/352/107
f 113/353/113 114/354/114 110/355/110 109/356/109
f 114/357/114 115/358/115 111/359/111 110/360/110
f 115/361/115 116/362/116 112/363/112 111/364/111
f 116/365/116 41/366/41 36/367/36 112/368/112
f 84/369/84 83/370/83 114/371/114 113/372/113
f 83/373/83 86/374/86 115/375/115 114/376/114
f 86/377/86 88/378/88 116/379/116 115/380/115
f 88/381/88 4/382/4 41/383/41 116/384/116
f 117/385/117 118/386/118 119/387/119 120/388/120
f 118/389/118 121/390/121 122/391/122 119/392/119
f 121/393/121 123/394/123 124/395/124 122/396/122
f 123/397/123 46/398/46 49/399/49 124/400/124
f 125/401/125 126/402/126 118/403/118 117/404/117
f 126/405/126 127/406/127 121/407/121 118/408/118
f 127/409/127 128/410/128 123/411/123 121/412/121
f 128/413/128 56/414/56 46/415/46 123/416/123
f 129/417/129 130/418/130 126/419/126 125/420/125
f 130/421/130 131/422/131 127/423/127 126/424/126
f 131/425/131 132/426/132 128/427/128 127/428/127
f 132/429/132 61/430/61 56/431/56 128/432/128
f 104/433/104 103/434/103 130/435/130 129/436/129
f 103/437/103 106/438/106 131/439/131 130/440/130
f 106/441/106 108/442/108 132/443/132 131/444/131
f 108/445/108 29/446/29 61/447/61 132/448/132
f 133/449/133 134/450/134 98/451/98 97/452/97
f 134/453/134 135/454/135 99/455/99 98/456/98
f 135/457/135 136/458/136 100/459/100 99/460/99
f 136/461/136 66/462/66 21/463/21 100/464/100
f 137/465/137 138/466/138 134/467/134 133/468/133
f 138/469/138 139/470/139 135/471/135 134/472/134
f 139/473/139 140/474/140 136/475/136 135/476/135
f 140/477/140 71/478/71 66/479/66 136/480/136
f 141/481/141 142/482/142 138/483/138 137/484/137
f 142/485/142 143/486/143 139/487/139 138/488/138
f 143/489/143 144/490/144 140/491/140 139/492/139
f 144/493/144 76/494/76 71/495/71 140/496/140
f 120/497/120 119/498/119 142/499/142 141/500/141
f 119/501/119 122/502/122 143/503/143 142/504/142
f 122/505/122 124/506/124 144/507/144 143/508/143
f 124/509/124 49/510/49 76/511/76 144/512/144
f 145/513/145 146/514/146 147/515/147 148/516/148
f 146/517/146 149/518/149 150/519/150 147/520/147
f 149/521/149 151/522/151 152/523/152 150/524/150
f 151/525/151 81/526/81 84/527/84 152/528/152
f 153/529/153 154/530/154 146/531/146 145/532/145
f 154/533/154 155/534/155 149/535/149 146/536/146
f 155/537/155 156/538/156 151/539/151 149/540/149
f 156/541/156 89/542/89 81/543/81 151/544/151
f 157/545/157 158/546/158 154/547/154 153/548/153
f 158/549/158 159/550/159 155/551/155 154/552/154
f 159/553/159 160/554/160 156/555/156 155/556/155
f 160/557/160 93/558/93 89/559/89 156/560/156
f 161/561/161 162/562/162 158/563/158 157/564/157
f 162/565/162 163/566/163 159/567/159 158/568/158
f 163/569/163 164/570/164 160/571/160 159/572/159
f 164/573/164 97/574/97 93/575/93 160/576/160
f 165/577/165 166/578/166 167/579/167 168/580/168
f 166/581/166 169/582/169 170/583/170 167/584/167
f 169/585/169 171/586/171 172/587/172 170/588/170
f 171/589/171 101/590/101 104/591/104 172/592/172
f 173/593/173 174/594/174 166/595/166 165/596/165
f 174/597/174 175/598/175 169/599/169 166/600/166
f 175/601/175 176/602/176 171/603/171 169/604/169
f 176/605/176 109/606/109 101/607/101 171/608/171
f 177/609/177 178/610/178 174/611/174 173/612/173
f 178/613/178 179/614/179 175/615/175 174/616/174
f 179/617/179 180/618/180 176/619/176 175/620/175
f 180/621/180 113/622/113 109/623/109 176/624/176
f 148/625/148 147/626/147 178/627/178 177/628/177
f 147/629/147 150/630/150 179/631/179 178/632/178
f 150/633/150 152/634/152 180/635/180 179/636/179
f 152/637/152 84/638/84 113/639/113 180/640/180
f 181/641/181 182/642/182 183/643/183 184/644/184
f 182/645/182 185/646/185 186/647/186 183/648/183
f 185/649/185 187/650/187 188/651/188 186/652/186
f 187/653/187 117/654/117 120/655/120 188/656/188
f 189/657/189 190/658/190 182/659/182 181/660/181
f 190/661/190 191/662/191 185/663/185 182/664/182
f 191/665/191 192/666/192 187/667/187 185/668/185
f 192/669/192 125/670/125 117/671/117 187/672/187
f 193/673/193 194/674/194 190/675/190 189/676/189
f 194/677/194 195/678/195 191/679/191 190/680/190
f 195/681/195 196/682/196 192/683/192 191/684/191
f 196/685/196 129/686/129 125/687/125 192/688/192
f 168/689/168 167/690/167 194/691/194 193/692/193
f 167/693/167 170/694/170 195/695/195 194/696/194
f 170/697/170 172/698/172 196/699/196 195/700/195
f 172/701/172 104/702/104 129/703/129 196/704/196
f 197/705/197 198/706/198 162/707/162 161/708/161
f 198/709/198 199/710/199 163/711/163 162/712/162
f 199/713/199 200/714/200 164/715/164 163/716/163
f 200/717/200 133/718/133 97/719/97 164/720/164
f 201/721/201 202/722/202 198/723/198 197/724/197
f 202/725/202 203/726/203 199/727/199 198/728/198
f 203/729/203 204/730/204 200/731/200 199/732/199
f 204/733/204 137/734/137 133/735/133 200/736/200
f 205/737/205 206/738/206 202/739/202 201/740/201
f 206/741/206 207/742/207 203/743/203 202/744/202
f 207/745/207 208/746/208 204/747/204 203/748/203
f 208/749/208 141/750/141 137/751/137 204/752/204
f 184/753/184 183/754/183 206/755/206 205/756/205
f 183/757/183 186/758/186 207/759/207 206/760/206
f 186/761/186 188/762/188 208/763/208 207/764/207
f 188/765/188 120/766/120 141/767/141 208/768/208
f 205/769/205 209/770/209 210/771/210 184/772/184
f 209/773/209 211/774/211 212/775/212 210/776/210
f 211/777/211 213/778/213 214/779/214 212/780/212
f 213/781/213 215/782/215 214/783/214
f 201/784/201 216/785/216 209/786/209 205/787/205
f 216/788/216 217/789/217 211/790/211 209/791/209
f 217/792/217 218/793/218 213/794/213 211/795/211
f 218/796/218 215/797/215 213/798/213
f 197/799/197 219/800/219 216/801/216 201/802/201
f 219/803/219 220/804/220 217/805/217 216/806/216
f 220/807/220 221/808/221 218/809/218 217/810/217
f 221/811/221 215/812/215 218/813/218
f 161/814/161 222/815/222 219/816/219 197/817/197
f 222/818/222 223/819/223 220/820/220 219/821/219
f 223/822/223 224/823/224 221/824/221 220/825/220
f 224/826/224 215/827/215 221/828/221
f 193/829/193 225/830/225 226/831/226 168/832/168
f 225/833/225 227/834/227 228/835/228 226/836/226
f 227/837/227 229/838/229 230/839/230 228/840/228
f 229/841/229 215/842/215 230/843/230
f 189/844/189 231/845/231 225/846/225 193/847/193
f 231/848/231 232/849/232 227/850/227 225/851/225
f 232/852/232 233/853/233 229/854/229 227/855/227
f 233/856/233 215/857/215 229/858/229
f 181/859/181 234/860/234 231/861/231 189/862/189
f 234/863/234 235/864/235 232/865/232 231/866/231
f 235/867/235 236/868/236 233/869/233 232/870/232
f 236/871/236 215/872/215 233/873/233
f 184/874/184 210/875/210 234/876/234 181/877/181
f 210/878/210 212/879/212 235/880/235 234/881/234
f 212/882/212 214/883/214 236/884/236 235/885/235
f 214/886/214 215/887/215 236/888/236
f 177/889/177 237/890/237 238/891/238 148/892/148
f 237/893/237 239/894/239 240/895/240 238/896/238
f 239/897/239 241/898/241 242/899/242 240/900/240
f 241/901/241 215/902/215 242/903/242
f 173/904/173 243/905/243 237/906/237 177/907/177
f 243/908/243 244/909/244 239/910/239 237/911/237
f 244/912/244 245/913/245 241/914/241 239/915/239
f 245/916/245 215/917/215 241/918/241
f 165/919/165 246/920/246 243/921/243 173/922/173
f 246/923/246 247/924/247 244/925/244 243/926/243
f 247/927/247 248/928/248 245/929/245 244/930/244
f 248/931/248 215/932/215 245/933/245
f 168/934/168 226/935/226 246/936/246 165/937/165
f 226/938/226 228/939/228 247/940/247 246/941/246
f 228/942/228 230/943/230 248/944/248 247/945/247
f 230/946/230 215/947/215 248/948/248
f 157/949/157 249/950/249 222/951/222 161/952/161
f 249/953/249 250/954/250 223/955/223 222/956/222
f 250/957/250 251/958/251 224/959/224 223/960/223
f 251/961/251 215/962/215 224/963/224
f 153/964/153 252/965/252 249/966/249 157/967/157
f 252/968/252 253/969/253 250/970/250 249/971/249
f 253/972/253 254/973/254 251/974/251 250/975/250
f 254/976/254 215/977/215 251/978/251
f 145/979/145 255/980/255 252/981/252 153/982/153
f 255/983/255 256/984/256 253/985/253 252/986/252
f 256/987/256 257/988/257 254/989/254 253/990/253
f 257/991/257 215/992/215 254/993/254
f 148/994/148 238/995/238 255/996/255 145/997/145
f 238/998/238 240/999/240 256/1000/256 255/1001/255
f 240/1002/240 242/1003/242 257/1004/257 256/1005/256
f 242/1006/242 215/1007/215 257/1008/257
o lid
v 0.019625 0.675 0.046125
v 0.019348 0.7240235 0.04541425
v 0 0.7240235 0.04921875
v 0 0.675 0.05
v 0.03196975 0.7453125 0.0749795
v 0 0.7453125 0.08125
v 0.03351275 0.77519525 0.07858625
v 0 0.77519525 0.08515625
v 0 0.7875 0
v 0.0355 0.675 0.0355
v 0.03497175 0.7240235 0.03497175
v 0.05775775 0.7453125 0.05775775
v 0.06054 0.77519525 0.06054
v 0.046125 0.675 0.019625
v 0.04541425 0.7240235 0.019348
v 0.0749795 0.7453125 0.03196975
v 0.07858625 0.77519525 0.03351275
v 0.05 0.675 0
v 0.04921875 0.7240235 0
v 0.08125 0.7453125 0
v 0.08515625 0.77519525 0
v -0.046125 0.675 0.019625
v -0.04541425 0.7240235 0.019348
v -0.04921875 0.7240235 0
v -0.05 0.675 0
v -0.0749795 0.7453125 0.03196975
v -0.08125 0.7453125 0
v -0.07858625 0.77519525 0.03351275
v -0.08515625 0.77519525 0
v -0.0355 0.675 0.0355
v -0.03497175 0.7240235 0.03497175
v -0.05775775 0.7453125 0.05775775
v -0.06054 0.77519525 0.06054
v -0.019625 0.675 0.046125
v -0.019348 0.7240235 0.04541425
v -0.03196975 0.7453125 0.0749795
v -0.03351275 0.77519525 0.07858625
v -0.019625 0.675 -0.046125
v -0.019348 0.7240235 -0.04541425
v 0 0.7240235 -0.04921875
v 0 0.675 -0.05
v -0.03196975 0.7453125 -0.0749795
v 0 0.7453125 -0.08125
v -0.03351275 0.77519525 -0.07858625
v 0 0.77519525 -0.08515625
v -0.0355 0.675 -0.0355
v -0.03497175 0.7240235 -0.03497175
v -0.05775775 0.7453125 -0.05775775
v -0.06054 0.77519525 -0.06054
v -0.046125 0.675 -0.019625
v -0.04541425 0.7240235 -0.019348
v -0.0749795 0.7453125 -0.03196975
v -0.07858625 0.77519525 -0.03351275
v 0.046125 0.675 -0.019625
v 0.04541425 0.7240235 -0.019348
v 0.0749795 0.7453125 -0.03196975
v 0.07858625 0.77519525 -0.03351275
v 0.0355 0.675 -0.0355
v 0.03497175 0.7240235 -0.03497175
v 0.05775775 0.7453125 -0.05775775
v 0.06054 0.77519525 -0.06054
v 0.019625 0.675 -0.046125
v 0.019348 0.7240235 -0.04541425
v 0.03196975 0.7453125 -0.0749795
v 0.03351275 0.77519525 -0.07858625
v 0.1275625 0.6 0.2998125
v 0.113457 0.62226575 0.26666025
v 0 0.62226575 0.2890625
v 0 0.6 0.325
v 0.080953 0.6375 0.19026575
v 0 0.6375 0.20625
v 0.0447695 0.65273425 0.10522275
v 0 0.65273425 0.1140625
v 0.23075 0.6 0.23075
v 0.2052345 0.6222655 0.2052345
v 0.1464375 0.6375 0.1464375
v 0.0809845 0.65273425 0.0809845
v 0.2998125 0.6 0.1275625
v 0.26666025 0.62226575 0.113457
v 0.19026575 0.6375 0.080953
v 0.10522275 0.65273425 0.0447695
v 0.325 0.6 0
v 0.2890625 0.62226575 0
v 0.20625 0.6375 0
v 0.1140625 0.65273425 0
v -0.2998125 0.6 0.1275625
v -0.26666025 0.62226575 0.113457
v -0.2890625 0.62226575 0
v -0.325 0.6 0
v -0.19026575 0.6375 0.080953
v -0.20625 0.6375 0
v -0.10522275 0.65273425 0.0447695
v -0.1140625 0.65273425 0
v -0.23075 0.6 0.23075
v -0.2052345 0.6222655 0.2052345
v -0.1464375 0.6375 0.1464375
v -0.0809845 0.65273425 0.0809845
v -0.1275625 0.6 0.2998125
v -0.113457 0.62226575 0.26666025
v -0.080953 0.6375 0.19026575
v -0.0447695 0.65273425 0.10522275
v -0.1275625 0.6 -0.2998125
v -0.113457 0.62226575 -0.26666025
v 0 0.62226575 -0.2890625
v 0 0.6 -0.325
v -0.080953 0.6375 -0.19026575
v 0 0.6375 -0.20625
v -0.0447695 0.65273425 -0.10522275
v 0 0.65273425 -0.1140625
v -0.23075 0.6 -0.23075
v -0.2052345 0.6222655 -0.2052345
v -0.1464375 0.6375 -0.1464375
v -0.0809845 0.65273425 -0.0809845
v -0.2998125 0.6 -0.1275625
v -0.26666025 0.62226575 -0.113457
v -0.19026575 0.6375 -0.080953
v -0.10522275 0.65273425 -0.0447695
v 0.2998125 0.6 -0.1275625
v 0.26666025 0.62226575 -0.113457
v 0.19026575 0.6375 -0.080953
v 0.10522275 0.65273425 -0.0447695
v 0.23075 0.6 -0.23075
v 0.2052345 0.6222655 -0.2052345
v 0.1464375 0.6375 -0.1464375
v 0.0809845 0.65273425 -0.0809845
v 0.1275625 0.6 -0.2998125
v 0.113457 0.62226575 -0.26666025
v 0.080953 0.6375 -0.19026575
v 0.0447695 0.65273425 -0.10522275
v -0.137375 0.6 0.322875
v 0 0.6 0.35
v -0.2485 0.6 0.2485
v -0.322875 0.6 0.137375
v -0.35 0.6 0
v -0.322875 0.6 -0.137375
v -0.2485 0.6 -0.2485
v -0.137375 0.6 -0.322875
v 0 0.6 -0.35
v 0.137375 0.6 -0.322875
v 0.2485 0.6 -0.2485
v 0.322875 0.6 -0.137375
v 0.35 0.6 0
v 0.322875 0.6 0.137375
v 0.2485 0.6 0.2485
v 0.137375 0.6 0.322875
vt 0.375 0.625
vt 0.375 0.875
vt 0.125 0.875
vt 0.125 0.625
vt 0.375 0.625
vt 0.375 0.875
vt 0.125 0.875
vt 0.125 0.625
vt 0.375 0.625
vt 0.375 0.875
vt 0.125 0.875
vt 0.125 0.625
vt 0.375 0.625
vt 0.375 0.875
vt 0.125 0.875
vt 0.375 0.625
vt 0.375 0.875
vt 0.125 0.875
vt 0.125 0.625
vt 0.375 0.625
vt 0.375 0.875
vt 0.125 0.875
vt 0.125 0.625
vt 0.375 0.625
vt 0.375 0.875
vt 0.125 0.875
vt 0.125 0.625
vt 0.375 0.625
vt 0.375 0.875
vt 0.125 0.875
vt 0.375 0.625
vt 0.375 0.875
vt 0.125 0.875
vt 0.125 0.625
vt 0.375 0.625
vt 0.375 0.875
vt 0.125 0.875
vt 0.125 0.625
vt 0.375 0.625
vt 0.375 0.875
vt 0.125 0.875
vt 0.125 0.625
vt 0.375 0.625
vt 0.375 0.875
vt 0.125 0.875
vt 0.375 0.625
vt 0.375 0.875
vt 0.125 0.875
vt 0.125 0.625
vt 0.375 0.625
vt 0.375 0.875
vt 0.125 0.875
vt 0.125 0.625
vt 0.375 0.625
vt 0.375 0.875
vt 0.125 0.875
vt 0.125 0.625
vt 0.375 0.625
vt 0.375 0.875
vt 0.125 0.875
vt 0.375 0.625
vt 0.375 0.875
vt 0.125 0.875
vt 0.125 0.625
vt 0.375 0.625
vt 0.375 0.875
vt 0.125 0.875
vt 0.125 0.625
vt 0.375 0.625
vt 0.375 0.875
vt 0.125 0.875
vt 0.125 0.625
vt 0.375 0.625
vt 0.375 0.875
vt 0.125 0.875
vt 0.375 0.625
vt 0.375 0.875
vt 0.125 0.875
vt 0.125 0.625
vt 0.375 0.625
vt 0.375 0.875
vt 0.125 0.875
vt 0.125 0.625
vt 0.375 0.625
vt 0.375 0.875
vt 0.125 0.875
vt 0.125 0.625
vt 0.375 0.625
vt 0.375 0.875
vt 0.125 0.875
vt 0.375 0.625
vt 0.375 0.875
vt 0.125 0.875
vt 0.125 0.625
vt 0.375 0.625
vt 0.375 0.875
vt 0.125 0.875
vt 0.125 0.625
vt 0.375 0.625
vt 0.375 0.875
vt 0.125 0.875
vt 0.125 0.625
vt 0.375 0.625
vt 0.375 0.875
vt 0.125 0.875
vt 0.375 0.625
vt 0.375 0.875
vt 0.125 0.875
vt 0.125 0.625
vt 0.375 0.625
vt 0.375 0.875
vt 0.125 0.875
vt 0.125 0.625
vt 0.375 0.625
vt 0.375 0.875
vt 0.125 0.875
vt 0.125 0.625
vt 0.375 0.625
vt 0.375 0.875
vt 0.125 0.875
vt 0.375 0.625
vt 0.375 0.875
vt 0.125 0.875
vt 0.125 0.625
vt 0.375 0.625
vt 0.375 0.875
vt 0.125 0.875
vt 0.125 0.625
vt 0.375 0.625
vt 0.375 0.875
vt 0.125 0.875
vt 0.125 0.625
vt 0.375 0.625
vt 0.375 0.875
vt 0.125 0.875
vt 0.375 0.625
vt 0.375 0.875
vt 0.125 0.875
vt 0.125 0.625
vt 0.375 0.625
vt 0.375 0.875
vt 0.125 0.875
vt 0.125 0.625
vt 0.375 0.625
vt 0.375 0.875
vt 0.125 0.875
vt 0.125 0.625
vt 0.375 0.625
vt 0.375 0.875
vt 0.125 0.875
vt 0.375 0.625
vt 0.375 0.875
vt 0.125 0.875
vt 0.125 0.625
vt 0.375 0.625
vt 0.375 0.875
vt 0.125 0.875
vt 0.125 0.625
vt 0.375 0.625
vt 0.375 0.875
vt 0.125 0.875
vt 0.125 0.625
vt 0.375 0.625
vt 0.375 0.875
vt 0.125 0.875
vt 0.375 0.625
vt 0.375 0.875
vt 0.125 0.875
vt 0.125 0.625
vt 0.375 0.625
vt 0.375 0.875
vt 0.125 0.875
vt 0.125 0.625
vt 0.375 0.625
vt 0.375 0.875
vt 0.125 0.875
vt 0.125 0.625
vt 0.375 0.625
vt 0.375 0.875
vt 0.125 0.875
vt 0.375 0.625
vt 0.375 0.875
vt 0.125 0.875
vt 0.125 0.625
vt 0.375 0.625
vt 0.375 0.875
vt 0.125 0.875
vt 0.125 0.625
vt 0.375 0.625
vt 0.375 0.875
vt 0.125 0.875
vt 0.125 0.625
vt 0.375 0.625
vt 0.375 0.875
vt 0.125 0.875
vt 0.375 0.625
vt 0.375 0.875
vt 0.125 0.875
vt 0.125 0.625
vt 0.375 0.625
vt 0.375 0.875
vt 0.125 0.875
vt 0.125 0.625
vt 0.375 0.625
vt 0.375 0.875
vt 0.125 0.875
vt 0.125 0.625
vt 0.375 0.625
vt 0.375 0.875
vt 0.125 0.875
vt 0.375 0.625
vt 0.375 0.875
vt 0.125 0.875
vt 0.125 0.625
vt 0.375 0.625
vt 0.375 0.875
vt 0.125 0.875
vt 0.125 0.625
vt 0.375 0.625
vt 0.375 0.875
vt 0.125 0.875
vt 0.125 0.625
vt 0.375 0.625
vt 0.375 0.875
vt 0.125 0.875
vt 0.375 0.625
vt 0.375 0.875
vt 0.125 0.875
vt 0.125 0.625
vt 0.375 0.625
vt 0.375 0.875
vt 0.125 0.875
vt 0.125 0.625
vt 0.375 0.625
vt 0.375 0.875
vt 0.125 0.875
vt 0.125 0.625
vt 0.375 0.625
vt 0.375 0.875
vt 0.125 0.875
vt 0.375 0.625
vt 0.375 0.875
vt 0.125 0.875
vt 0.125 0.625
vt 0.375 0.625
vt 0.375 0.875
vt 0.125 0.875
vt 0.125 0.625
vt 0.375 0.625
vt 0.375 0.875
vt 0.125 0.875
vt 0.125 0.625
vt 0.375 0.625
vt 0.375 0.875
vt 0.125 0.875
vt 0.125 0.625
vt 0.375 0.625
vt 0.375 0.875
vt 0.125 0.875
vt 0.125 0.625
vt 0.375 0.625
vt 0.375 0.875
vt 0.125 0.875
vt 0.125 0.625
vt 0.375 0.625
vt 0.375 0.875
vt 0.125 0.875
vt 0.125 0.625
vt 0.375 0.625
vt 0.375 0.875
vt 0.125 0.875
vt 0.125 0.625
vt 0.375 0.625
vt 0.375 0.875
vt 0.125 0.875
vt 0.125 0.625
vt 0.375 0.625
vt 0.375 0.875
vt 0.125 0.875
vt 0.125 0.625
vt 0.375 0.625
vt 0.375 0.875
vt 0.125 0.875
vt 0.125 0.625
vt 0.375 0.625
vt 0.375 0.875
vt 0.125 0.875
vt 0.125 0.625
vt 0.375 0.625
vt 0.375 0.875
vt 0.125 0.875
vt 0.125 0.625
vt 0.375 0.625
vt 0.375 0.875
vt 0.125 0.875
vt 0.125 0.625
vt 0.375 0.625
vt 0.375 0.875
vt 0.125 0.875
vt 0.125 0.625
vt 0.375 0.625
vt 0.375 0.875
vt 0.125 0.875
vt 0.125 0.625
vt 0.375 0.625
vt 0.375 0.875
vt 0.125 0.875
vt 0.125 0.625
vt 0.375 0.625
vt 0.375 0.875
vt 0.125 0.875
vt 0.125 0.625
vt 0.375 0.625
vt 0.375 0.875
vt 0.125 0.875
vt 0.125 0.625
vt 0.375 0.625
vt 0.375 0.875
vt 0.125 0.875
vt 0.125 0.625
vt 0.375 0.625
vt 0.375 0.875
vt 0.125 0.875
vt 0.125 0.625
vt 0.375 0.625
vt 0.375 0.875
vt 0.125 0.875
vt 0.125 0.625
vt 0.375 0.625
vt 0.375 0.875
vt 0.125 0.875
vt 0.125 0.625
vt 0.375 0.625
vt 0.375 0.875
vt 0.125 0.875
vt 0.125 0.625
vt 0.375 0.625
vt 0.375 0.875
vt 0.125 0.875
vt 0.125 0.625
vt 0.375 0.625
vt 0.375 0.875
vt 0.125 0.875
vt 0.125 0.625
vt 0.375 0.625
vt 0.375 0.875
vt 0.125 0.875
vt 0.125 0.625
vt 0.375 0.625
vt 0.375 0.875
vt 0.125 0.875
vt 0.125 0.625
vt 0.375 0.625
vt 0.375 0.875
vt 0.125 0.875
vt 0.125 0.625
vt 0.375 0.625
vt 0.375 0.875
vt 0.125 0.875
vt 0.125 0.625
vt 0.375 0.625
vt 0.375 0.875
vt 0.125 0.875
vt 0.125 0.625
vt 0.375 0.625
vt 0.375 0.875
vt 0.125 0.875
vt 0.125 0.625
vt 0.375 0.625
vt 0.375 0.875
vt 0.125 0.875
vt 0.125 0.625
vt 0.375 0.625
vt 0.375 0.875
vt 0.125 0.875
vt 0.125 0.625
vt 0.375 0.625
vt 0.375 0.875
vt 0.125 0.875
vt 0.125 0.625
vt 0.375 0.625
vt 0.375 0.875
vt 0.125 0.875
vt 0.125 0.625
vt 0.375 0.625
vt 0.375 0.875
vt 0.125 0.875
vt 0.125 0.625
vt 0.375 0.625
vt 0.375 0.875
vt 0.125 0.875
vt 0.125 0.625
vt 0.375 0.625
vt 0.375 0.875
vt 0.125 0.875
vt 0.125 0.625
vt 0.375 0.625
vt 0.375 0.875
vt 0.125 0.875
vt 0.125 0.625
vt 0.375 0.625
vt 0.375 0.875
vt 0.125 0.875
vt 0.125 0.625
vt 0.375 0.625
vt 0.375 0.875
vt 0.125 0.875
vt 0.125 0.625
vt 0.375 0.625
vt 0.375 0.875
vt 0.125 0.875
vt 0.125 0.625
vt 0.375 0.625
vt 0.375 0.875
vt 0.125 0.875
vt 0.125 0.625
vt 0.375 0.625
vt 0.375 0.875
vt 0.125 0.875
vt 0.125 0.625
vt 0.375 0.625
vt 0.375 0.875
vt 0.125 0.875
vt 0.125 0.625
vt 0.375 0.625
vt 0.375 0.875
vt 0.125 0.875
vt 0.125 0.625
vt 0.375 0.625
vt 0.375 0.875
vt 0.125 0.875
vt 0.125 0.625
vt 0.375 0.625
vt 0.375 0.875
vt 0.125 0.875
vt 0.125 0.625
vt 0.375 0.625
vt 0.375 0.875
vt 0.125 0.875
vt 0.125 0.625
vt 0.375 0.625
vt 0.375 0.875
vt 0.125 0.875
vt 0.125 0.625
vt 0.375 0.625
vt 0.375 0.875
vt 0.125 0.875
vt 0.125 0.625
vt 0.375 0.625
vt 0.375 0.875
vt 0.125 0.875
vt 0.125 0.625
vt 0.375 0.625
vt 0.375 0.875
vt 0.125 0.875
vt 0.125 0.625
vt 0.375 0.625
vt 0.375 0.875
vt 0.125 0.875
vt 0.125 0.625
vt 0.375 0.625
vt 0.375 0.875
vt 0.125 0.875
vt 0.125 0.625
vt 0.375 0.625
vt 0.375 0.875
vt 0.125 0.875
vt 0.125 0.625
vt 0.375 0.625
vt 0.375 0.875
vt 0.125 0.875
vt 0.125 0.625
vt 0.375 0.625
vt 0.375 0.875
vt 0.125 0.875
vt 0.125 0.625
vt 0.375 0.625
vt 0.375 0.875
vt 0.125 0.875
vt 0.125 0.625
vt 0.375 0.625
vt 0.375 0.875
vt 0.125 0.875
vt 0.125 0.625
vt 0.375 0.625
vt 0.375 0.875
vt 0.125 0.875
vt 0.125 0.625
vt 0.375 0.625
vt 0.375 0.875
vt 0.125 0.875
vt 0.125 0.625
vt 0.375 0.625
vt 0.375 0.875
vt 0.125 0.875
vt 0.125 0.625
vt 0.375 0.625
vt 0.375 0.875
vt 0.125 0.875
vt 0.125 0.625
vt 0.375 0.625
vt 0.375 0.875
vt 0.125 0.875
vt 0.125 0.625
vt 0.375 0.625
vt 0.375 0.875
vt 0.125 0.875
vt 0.125 0.625
vt 0.375 0.625
vt 0.375 0.875
vt 0.125 0.875
vt 0.125 0.625
vt 0.375 0.625
vt 0.375 0.875
vt 0.125 0.875
vt 0.125 0.625
vt 0.375 0.625
vt 0.375 0.875
vt 0.125 0.875
vt 0.125 0.625
vt 0.375 0.625
vt 0.375 0.875
vt 0.125 0.875
vt 0.125 0.625
vt 0.375 0.625
vt 0.375 0.875
vt 0.125 0.875
vt 0.125 0.625
vt 0.375 0.625
vt 0.375 0.875
vt 0.125 0.875
vt 0.125 0.625
vt 0.375 0.625
vt 0.375 0.875
vt 0.125 0.875
vt 0.125 0.625
vt 0.375 0.625
vt 0.375 0.875
vt 0.125 0.875
vt 0.125 0.625
vt 0.375 0.625
vt 0.375 0.875
vt 0.125 0.875
vt 0.125 0.625
vt 0.375 0.625
vt 0.375 0.875
vt 0.125 0.875
vt 0.125 0.625
vt 0.375 0.625
vt 0.375 0.875
vt 0.125 0.875
vt 0.125 0.625
vt 0.375 0.625
vt 0.375 0.875
vt 0.125 0.875
vt 0.125 0.625
vt 0.375 0.625
vt 0.375 0.875
vt 0.125 0.875
vt 0.125 0.625
vn 0.3079849016424051 0.5910554188805944 0.7455191427268673
vn 0.33677823347200303 -0.46968398050677973 0.8160743715586122
vn -0.000006126530863679395 -0.4687106883365231 0.8833517366267916
vn 2.710515123769617e-7 0.5907034626796444 0.8068887278790086
vn 0.32269046724301864 -0.5322349113501669 0.7826856722149462
vn -0.0000068314976517807405 -0.5312195627161538 0.847234192027794
vn 0.3016239156459616 0.6114784523398443 0.7315169962717657
vn -8.405457737601123e-7 0.6112074771512608 0.7914704162972134
vn -2.4108423638761948e-18 1 1.753339901000869e-18
vn 0.570313262451195 0.5911727796049485 0.5703135342304557
vn 0.6240926922033486 -0.47013291054213807 0.6240860180804844
vn 0.5983900404497803 -0.5327923729189808 0.59838252552182
vn 0.5595411782796065 0.6114151421390317 0.5595401627877816
vn 0.745441212236405 0.5911704269908495 0.30795279727740055
vn 0.8161641169492352 -0.4695026272601725 0.3368136238341178
vn 0.7827387003020866 -0.5321447278820436 0.322710575650607
vn 0.7314918036372525 0.6115137856920798 0.3016133802072784
vn 0.8068887278790086 0.5907034626796444 -2.710515123769617e-7
vn 0.8833517366267915 -0.4687106883365231 0.000006126530863663385
vn 0.8472341920277942 -0.5312195627161538 0.000006831497651788459
vn 0.7914704162972136 0.6112074771512607 8.40545773767492e-7
vn -0.7455191427268673 0.5910554188805944 0.3079849016424051
vn -0.8160743715586122 -0.46968398050677973 0.33677823347200303
vn -0.8833517366267916 -0.4687106883365231 -0.000006126530863679395
vn -0.8068887278790086 0.5907034626796444 2.710515123769617e-7
vn -0.7826856722149462 -0.5322349113501669 0.32269046724301864
vn -0.847234192027794 -0.5312195627161538 -0.000006831497651788458
vn -0.7315169962717657 0.6114784523398443 0.3016239156459616
vn -0.7914704162972136 0.6112074771512607 -8.40545773769952e-7
vn -0.5703135342304557 0.5911727796049485 0.570313262451195
vn -0.6240860180804844 -0.47013291054213807 0.6240926922033486
vn -0.5983825255218201 -0.532792372918981 0.5983900404497804
vn -0.5595401627877816 0.6114151421390317 0.5595411782796065
vn -0.30795279727740055 0.5911704269908495 0.745441212236405
vn -0.3368136238341178 -0.4695026272601725 0.8161641169492352
vn -0.32271057565060707 -0.5321447278820437 0.7827387003020866
vn -0.30161338020727846 0.6115137856920799 0.7314918036372524
vn -0.3079849016424051 0.5910554188805944 -0.7455191427268673
vn -0.33677823347200303 -0.46968398050677973 -0.8160743715586122
vn 0.000006126530863679395 -0.4687106883365231 -0.8833517366267916
vn -2.710515123769617e-7 0.5907034626796444 -0.8068887278790086
vn -0.32269046724301864 -0.5322349113501669 -0.7826856722149462
vn 0.0000068314976517807405 -0.5312195627161538 -0.847234192027794
vn -0.3016239156459616 0.6114784523398443 -0.7315169962717657
vn 8.405457737601123e-7 0.6112074771512608 -0.7914704162972134
vn -0.570313262451195 0.5911727796049485 -0.5703135342304557
vn -0.6240926922033486 -0.47013291054213807 -0.6240860180804844
vn -0.5983900404497803 -0.5327923729189808 -0.59838252552182
vn -0.5595411782796065 0.6114151421390317 -0.5595401627877816
vn -0.745441212236405 0.5911704269908495 -0.30795279727740055
vn -0.8161641169492352 -0.4695026272601725 -0.3368136238341178
vn -0.7827387003020866 -0.5321447278820436 -0.322710575650607
vn -0.7314918036372525 0.6115137856920798 -0.3016133802072784
vn 0.7455191427268673 0.5910554188805944 -0.3079849016424051
vn 0.8160743715586122 -0.46968398050677973 -0.33677823347200303
vn 0.7826856722149462 -0.5322349113501669 -0.32269046724301864
vn 0.7315169962717657 0.6114784523398443 -0.3016239156459616
vn 0.5703135342304557 0.5911727796049485 -0.570313262451195
vn 0.6240860180804844 -0.47013291054213807 -0.6240926922033486
vn 0.5983825255218201 -0.532792372918981 -0.5983900404497804
vn 0.5595401627877816 0.6114151421390317 -0.5595411782796065
vn 0.30795279727740055 0.5911704269908495 -0.745441212236405
vn 0.3368136238341178 -0.4695026272601725 -0.8161641169492352
vn 0.32271057565060707 -0.5321447278820437 -0.7827387003020866
vn 0.30161338020727846 0.6115137856920799 -0.7314918036372524
vn 0.10413595905208836 0.9621512806948036 0.2518344994031816
vn 0.13713276175283598 0.9333806569923272 0.3316551745512367
vn 5.7333195212245136e-8 0.9330994973005454 0.3596183089575198
vn 5.280523234560931e-8 0.961995816522336 0.2730641847506208
vn 0.06554891656946268 0.98517045849302 0.1585638901175883
vn 1.0451573596178005e-8 0.9850987212393969 0.171989852644
vn 0.09396129595400995 0.9692856939037521 0.2272807040999406
vn -1.4791175730218861e-8 0.969142138640879 0.2465025661338704
vn 0.19246530620159918 0.962244411191998 0.19246505926658394
vn 0.2534471023261511 0.9335572634704811 0.2534470401168348
vn 0.12113459599345013 0.9852171180044779 0.12113480112855422
vn 0.17364583675132447 0.9693782797838636 0.1736458293832875
vn 0.25183503192193724 0.962151090552394 0.10413642804377142
vn 0.33165516011858465 0.933380646711536 0.13713286663331492
vn 0.1585632152685371 0.9851705954729583 0.06554849028894942
vn 0.22728080905700987 0.969285666102438 0.09396132886855148
vn 0.2730641847506208 0.961995816522336 -5.280523234560931e-8
vn 0.3596183089575198 0.9330994973005454 -5.7333195212245136e-8
vn 0.17198985264400007 0.985098721239397 -1.0451573597913805e-8
vn 0.2465025661338704 0.969142138640879 1.4791175733705542e-8
vn -0.2518344994031816 0.9621512806948036 0.10413595905208836
vn -0.3316551745512367 0.9333806569923272 0.13713276175283598
vn -0.3596183089575198 0.9330994973005454 5.7333195212245136e-8
vn -0.2730641847506208 0.961995816522336 5.280523234560931e-8
vn -0.1585638901175883 0.98517045849302 0.06554891656946268
vn -0.171989852644 0.9850987212393969 1.0451573596178005e-8
vn -0.2272807040999406 0.9692856939037521 0.09396129595400995
vn -0.2465025661338704 0.969142138640879 -1.4791175730218861e-8
vn -0.19246505926658394 0.962244411191998 0.19246530620159918
vn -0.2534470401168348 0.9335572634704811 0.2534471023261511
vn -0.12113480112855422 0.9852171180044779 0.12113459599345013
vn -0.1736458293832875 0.9693782797838636 0.17364583675132447
vn -0.10413642804377142 0.962151090552394 0.25183503192193724
vn -0.13713286663331492 0.933380646711536 0.33165516011858465
vn -0.06554849028894942 0.9851705954729583 0.1585632152685371
vn -0.09396132886855148 0.969285666102438 0.22728080905700987
vn -0.10413595905208836 0.9621512806948036 -0.2518344994031816
vn -0.13713276175283598 0.9333806569923272 -0.3316551745512367
vn -5.7333195212245136e-8 0.9330994973005454 -0.3596183089575198
vn -5.280523234560931e-8 0.961995816522336 -0.2730641847506208
vn -0.06554891656946268 0.98517045849302 -0.1585638901175883
vn -1.0451573596178005e-8 0.9850987212393969 -0.171989852644
vn -0.09396129595400995 0.9692856939037521 -0.2272807040999406
vn 1.4791175730218861e-8 0.969142138640879 -0.2465025661338704
vn -0.19246530620159918 0.962244411191998 -0.19246505926658394
vn -0.2534471023261511 0.9335572634704811 -0.2534470401168348
vn -0.12113459599345013 0.9852171180044779 -0.12113480112855422
vn -0.17364583675132447 0.9693782797838636 -0.1736458293832875
vn -0.25183503192193724 0.962151090552394 -0.10413642804377142
vn -0.33165516011858465 0.933380646711536 -0.13713286663331492
vn -0.1585632152685371 0.9851705954729583 -0.06554849028894942
vn -0.22728080905700987 0.969285666102438 -0.09396132886855148
vn 0.2518344994031816 0.9621512806948036 -0.10413595905208836
vn 0.3316551745512367 0.9333806569923272 -0.13713276175283598
vn 0.1585638901175883 0.98517045849302 -0.06554891656946268
vn 0.2272807040999406 0.9692856939037521 -0.09396129595400995
vn 0.19246505926658394 0.962244411191998 -0.19246530620159918
vn 0.2534470401168348 0.9335572634704811 -0.2534471023261511
vn 0.12113480112855422 0.9852171180044779 -0.12113459599345013
vn 0.1736458293832875 0.9693782797838636 -0.17364583675132447
vn 0.10413642804377142 0.962151090552394 -0.25183503192193724
vn 0.13713286663331492 0.933380646711536 -0.33165516011858465
vn 0.06554849028894942 0.9851705954729583 -0.1585632152685371
vn 0.09396132886855148 0.969285666102438 -0.22728080905700987
vn 0 1 0
vn 0 1 0
vn 0 1 0
vn 0 1 0
vn 0 1 0
vn 0 1 0
vn 0 1 0
vn 0 1 0
vn 0 1 0
vn 0 1 0
vn 0 1 0
vn 0 1 0
vn 0 1 0
vn 0 1 0
vn 0 1 0
vn 0 1 0
usemtl m_20b528d0-e54d-ee22-b57a-857978418577
f 258/1009/258 259/1010/259 260/1011/260 261/1012/261
f 259/1013/259 262/1014/262 263/1015/263 260/1016/260
f 262/1017/262 264/1018/264 265/1019/265 263/1020/263
f 264/1021/264 266/1022/266 265/1023/265
f 267/1024/267 268/1025/268 259/1026/259 258/1027/258
f 268/1028/268 269/1029/269 262/1030/262 259/1031/259
f 269/1032/269 270/1033/270 264/1034/264 262/1035/262
f 270/1036/270 266/1037/266 264/1038/264
f 271/1039/271 272/1040/272 268/1041/268 267/1042/267
f 272/1043/272 273/1044/273 269/1045/269 268/1046/268
f 273/1047/273 274/1048/274 270/1049/270 269/1050/269
f 274/1051/274 266/1052/266 270/1053/270
f 275/1054/275 276/1055/276 272/1056/272 271/1057/271
f 276/1058/276 277/1059/277 273/1060/273 272/1061/272
f 277/1062/277 278/1063/278 274/1064/274 273/1065/273
f 278/1066/278 266/1067/266 274/1068/274
f 279/1069/279 280/1070/280 281/1071/281 282/1072/282
f 280/1073/280 283/1074/283 284/1075/284 281/1076/281
f 283/1077/283 285/1078/285 286/1079/286 284/1080/284
f 285/1081/285 266/1082/266 286/1083/286
f 287/1084/287 288/1085/288 280/1086/280 279/1087/279
f 288/1088/288 289/1089/289 283/1090/283 280/1091/280
f 289/1092/289 290/1093/290 285/1094/285 283/1095/283
f 290/1096/290 266/1097/266 285/1098/285
f 291/1099/291 292/1100/292 288/1101/288 287/1102/287
f 292/1103/292 293/1104/293 289/1105/289 288/1106/288
f 293/1107/293 294/1108/294 290/1109/290 289/1110/289
f 294/1111/294 266/1112/266 290/1113/290
f 261/1114/261 260/1115/260 292/1116/292 291/1117/291
f 260/1118/260 263/1119/263 293/1120/293 292/1121/292
f 263/1122/263 265/1123/265 294/1124/294 293/1125/293
f 265/1126/265 266/1127/266 294/1128/294
f 295/1129/295 296/1130/296 297/1131/297 298/1132/298
f 296/1133/296 299/1134/299 300/1135/300 297/1136/297
f 299/1137/299 301/1138/301 302/1139/302 300/1140/300
f 301/1141/301 266/1142/266 302/1143/302
f 303/1144/303 304/1145/304 296/1146/296 295/1147/295
f 304/1148/304 305/1149/305 299/1150/299 296/1151/296
f 305/1152/305 306/1153/306 301/1154/301 299/1155/299
f 306/1156/306 266/1157/266 301/1158/301
f 307/1159/307 308/1160/308 304/1161/304 303/1162/303
f 308/1163/308 309/1164/309 305/1165/305 304/1166/304
f 309/1167/309 310/1168/310 306/1169/306 305/1170/305
f 310/1171/310 266/1172/266 306/1173/306
f 282/1174/282 281/1175/281 308/1176/308 307/1177/307
f 281/1178/281 284/1179/284 309/1180/309 308/1181/308
f 284/1182/284 286/1183/286 310/1184/310 309/1185/309
f 286/1186/286 266/1187/266 310/1188/310
f 311/1189/311 312/1190/312 276/1191/276 275/1192/275
f 312/1193/312 313/1194/313 277/1195/277 276/1196/276
f 313/1197/313 314/1198/314 278/1199/278 277/1200/277
f 314/1201/314 266/1202/266 278/1203/278
f 315/1204/315 316/1205/316 312/1206/312 311/1207/311
f 316/1208/316 317/1209/317 313/1210/313 312/1211/312
f 317/1212/317 318/1213/318 314/1214/314 313/1215/313
f 318/1216/318 266/1217/266 314/1218/314
f 319/1219/319 320/1220/320 316/1221/316 315/1222/315
f 320/1223/320 321/1224/321 317/1225/317 316/1226/316
f 321/1227/321 322/1228/322 318/1229/318 317/1230/317
f 322/1231/322 266/1232/266 318/1233/318
f 298/1234/298 297/1235/297 320/1236/320 319/1237/319
f 297/1238/297 300/1239/300 321/1240/321 320/1241/320
f 300/1242/300 302/1243/302 322/1244/322 321/1245/321
f 302/1246/302 266/1247/266 322/1248/322
f 323/1249/323 324/1250/324 325/1251/325 326/1252/326
f 324/1253/324 327/1254/327 328/1255/328 325/1256/325
f 327/1257/327 329/1258/329 330/1259/330 328/1260/328
f 329/1261/329 258/1262/258 261/1263/261 330/1264/330
f 331/1265/331 332/1266/332 324/1267/324 323/1268/323
f 332/1269/332 333/1270/333 327/1271/327 324/1272/324
f 333/1273/333 334/1274/334 329/1275/329 327/1276/327
f 334/1277/334 267/1278/267 258/1279/258 329/1280/329
f 335/1281/335 336/1282/336 332/1283/332 331/1284/331
f 336/1285/336 337/1286/337 333/1287/333 332/1288/332
f 337/1289/337 338/1290/338 334/1291/334 333/1292/333
f 338/1293/338 271/1294/271 267/1295/267 334/1296/334
f 339/1297/339 340/1298/340 336/1299/336 335/1300/335
f 340/1301/340 341/1302/341 337/1303/337 336/1304/336
f 341/1305/341 342/1306/342 338/1307/338 337/1308/337
f 342/1309/342 275/1310/275 271/1311/271 338/1312/338
f 343/1313/343 344/1314/344 345/1315/345 346/1316/346
f 344/1317/344 347/1318/347 348/1319/348 345/1320/345
f 347/1321/347 349/1322/349 350/1323/350 348/1324/348
f 349/1325/349 279/1326/279 282/1327/282 350/1328/350
f 351/1329/351 352/1330/352 344/1331/344 343/1332/343
f 352/1333/352 353/1334/353 347/1335/347 344/1336/344
f 353/1337/353 354/1338/354 349/1339/349 347/1340/347
f 354/1341/354 287/1342/287 279/1343/279 349/1344/349
f 355/1345/355 356/1346/356 352/1347/352 351/1348/351
f 356/1349/356 357/1350/357 353/1351/353 352/1352/352
f 357/1353/357 358/1354/358 354/1355/354 353/1356/353
f 358/1357/358 291/1358/291 287/1359/287 354/1360/354
f 326/1361/326 325/1362/325 356/1363/356 355/1364/355
f 325/1365/325 328/1366/328 357/1367/357 356/1368/356
f 328/1369/328 330/1370/330 358/1371/358 357/1372/357
f 330/1373/330 261/1374/261 291/1375/291 358/1376/358
f 359/1377/359 360/1378/360 361/1379/361 362/1380/362
f 360/1381/360 363/1382/363 364/1383/364 361/1384/361
f 363/1385/363 365/1386/365 366/1387/366 364/1388/364
f 365/1389/365 295/1390/295 298/1391/298 366/1392/366
f 367/1393/367 368/1394/368 360/1395/360 359/1396/359
f 368/1397/368 369/1398/369 363/1399/363 360/1400/360
f 369/1401/369 370/1402/370 365/1403/365 363/1404/363
f 370/1405/370 303/1406/303 295/1407/295 365/1408/365
f 371/1409/371 372/1410/372 368/1411/368 367/1412/367
f 372/1413/372 373/1414/373 369/1415/369 368/1416/368
f 373/1417/373 374/1418/374 370/1419/370 369/1420/369
f 374/1421/374 307/1422/307 303/1423/303 370/1424/370
f 346/1425/346 345/1426/345 372/1427/372 371/1428/371
f 345/1429/345 348/1430/348 373/1431/373 372/1432/372
f 348/1433/348 350/1434/350 374/1435/374 373/1436/373
f 350/1437/350 282/1438/282 307/1439/307 374/1440/374
f 375/1441/375 376/1442/376 340/1443/340 339/1444/339
f 376/1445/376 377/1446/377 341/1447/341 340/1448/340
f 377/1449/377 378/1450/378 342/1451/342 341/1452/341
f 378/1453/378 311/1454/311 275/1455/275 342/1456/342
f 379/1457/379 380/1458/380 376/1459/376 375/1460/375
f 380/1461/380 381/1462/381 377/1463/377 376/1464/376
f 381/1465/381 382/1466/382 378/1467/378 377/1468/377
f 382/1469/382 315/1470/315 311/1471/311 378/1472/378
f 383/1473/383 384/1474/384 380/1475/380 379/1476/379
f 384/1477/384 385/1478/385 381/1479/381 380/1480/380
f 385/1481/385 386/1482/386 382/1483/382 381/1484/381
f 386/1485/386 319/1486/319 315/1487/315 382/1488/382
f 362/1489/362 361/1490/361 384/1491/384 383/1492/383
f 361/1493/361 364/1494/364 385/1495/385 384/1496/384
f 364/1497/364 366/1498/366 386/1499/386 385/1500/385
f 366/1501/366 298/1502/298 319/1503/319 386/1504/386
f 326/1505/326 355/1506/355 387/1507/387 388/1508/388
f 389/1509/389 387/1510/387 355/1511/355 351/1512/351
f 390/1513/390 389/1514/389 351/1515/351 343/1516/343
f 391/1517/391 390/1518/390 343/1519/343 346/1520/346
f 392/1521/392 391/1522/391 346/1523/346 371/1524/371
f 393/1525/393 392/1526/392 371/1527/371 367/1528/367
f 394/1529/394 393/1530/393 367/1531/367 359/1532/359
f 395/1533/395 394/1534/394 359/1535/359 362/1536/362
f 383/1537/383 396/1538/396 395/1539/395 362/1540/362
f 379/1541/379 397/1542/397 396/1543/396 383/1544/383
f 375/1545/375 398/1546/398 397/1547/397 379/1548/379
f 339/1549/339 399/1550/399 398/1551/398 375/1552/375
f 335/1553/335 400/1554/400 399/1555/399 339/1556/339
f 331/1557/331 401/1558/401 400/1559/400 335/1560/335
f 323/1561/323 402/1562/402 401/1563/401 331/1564/331
f 326/1565/326 388/1566/388 402/1567/402 323/1568/323
o spout
v 0.8015625 0.6 0.03515625
v 0.70251475 0.50308225 0.044165
v 0.716797 0.498047 0
v 0.825 0.6 0
v 0.66015625 0.3748535 0.0639845
v 0.671875 0.3609375 0
v 0.59436025 0.25475475 0.08380375
v 0.60351575 0.23085925 0
v 0.425 0.1822265 0.0928125
v 0.425 0.15 0
v 0.75 0.6 0.046875
v 0.67109375 0.51416025 0.05888675
v 0.634375 0.40546875 0.0853125
v 0.57421875 0.30732425 0.11173825
v 0.425 0.253125 0.12375
v 0.6984375 0.6 0.03515625
v 0.639673 0.525238 0.044165
v 0.60859375 0.436084 0.0639845
v 0.55407725 0.35989375 0.08380375
v 0.425 0.3240235 0.0928125
v 0.675 0.6 0
v 0.62539075 0.5302735 0
v 0.596875 0.45 0
v 0.544922 0.383789 0
v 0.425 0.35625 0
v 0.6984375 0.6 -0.03515625
v 0.639673 0.525238 -0.044165
v 0.60859375 0.436084 -0.0639845
v 0.55407725 0.35989375 -0.08380375
v 0.425 0.3240235 -0.0928125
v 0.75 0.6 -0.046875
v 0.67109375 0.51416025 -0.05888675
v 0.634375 0.40546875 -0.0853125
v 0.57421875 0.30732425 -0.11173825
v 0.425 0.253125 -0.12375
v 0.8015625 0.6 -0.03515625
v 0.70251475 0.50308225 -0.044165
v 0.66015625 0.3748535 -0.0639845
v 0.59436025 0.25475475 -0.08380375
v 0.425 0.1822265 -0.0928125
v 0.784375 0.6 0.02109375
v 0.81817925 0.61444025 0.023291
v 0.83818375 0.61516125 0
v 0.8 0.6 0
v 0.83347175 0.618512 0.028125
v 0.85703125 0.619336 0
v 0.8285125 0.61332775 0.032959
v 0.85361325 0.61384275 0
v 0.75 0.6 0.028125
v 0.77417 0.612854 0.03105475
v 0.78164075 0.61669925 0.0375
v 0.773291 0.61219475 0.04394525
v 0.715625 0.6 0.02109375
v 0.7301605 0.61126775 0.023291
v 0.7298095 0.6148865 0.028125
v 0.7180695 0.61106175 0.032959
v 0.7 0.6 0
v 0.71015625 0.610547 0
v 0.70625 0.6140625 0
v 0.69296875 0.61054675 0
v 0.715625 0.6 -0.02109375
v 0.7301605 0.61126775 -0.023291
v 0.7298095 0.6148865 -0.028125
v 0.7180695 0.61106175 -0.032959
v 0.75 0.6 -0.028125
v 0.77417 0.612854 -0.03105475
v 0.7816405 0.61669925 -0.0375
v 0.773291 0.61219475 -0.04394525
v 0.784375 0.6 -0.02109375
v 0.81817925 0.61444025 -0.023291
v 0.83347175 0.618512 -0.028125
v 0.8285125 0.61332775 -0.032959
vt 0.875 0.625
vt 0.875 0.875
vt 0.625 0.875
vt 0.625 0.625
vt 0.875 0.625
vt 0.875 0.875
vt 0.625 0.875
vt 0.625 0.625
vt 0.875 0.625
vt 0.875 0.875
vt 0.625 0.875
vt 0.625 0.625
vt 0.875 0.625
vt 0.875 0.875
vt 0.625 0.875
vt 0.625 0.625
vt 0.875 0.625
vt 0.875 0.875
vt 0.625 0.875
vt 0.625 0.625
vt 0.875 0.625
vt 0.875 0.875
vt 0.625 0.875
vt 0.625 0.625
vt 0.875 0.625
vt 0.875 0.875
vt 0.625 0.875
vt 0.625 0.625
vt 0.875 0.625
vt 0.875 0.875
vt 0.625 0.875
vt 0.625 0.625
vt 0.875 0.625
vt 0.875 0.875
vt 0.625 0.875
vt 0.625 0.625
vt 0.875 0.625
vt 0.875 0.875
vt 0.625 0.875
vt 0.625 0.625
vt 0.875 0.625
vt 0.875 0.875
vt 0.625 0.875
vt 0.625 0.625
vt 0.875 0.625
vt 0.875 0.875
vt 0.625 0.875
vt 0.625 0.625
vt 0.875 0.625
vt 0.875 0.875
vt 0.625 0.875
vt 0.625 0.625
vt 0.875 0.625
vt 0.875 0.875
vt 0.625 0.875
vt 0.625 0.625
vt 0.875 0.625
vt 0.875 0.875
vt 0.625 0.875
vt 0.625 0.625
vt 0.875 0.625
vt 0.875 0.875
vt 0.625 0.875
vt 0.625 0.625
vt 0.875 0.625
vt 0.875 0.875
vt 0.625 0.875
vt 0.625 0.625
vt 0.875 0.625
vt 0.875 0.875
vt 0.625 0.875
vt 0.625 0.625
vt 0.875 0.625
vt 0.875 0.875
vt 0.625 0.875
vt 0.625 0.625
vt 0.875 0.625
vt 0.875 0.875
vt 0.625 0.875
vt 0.625 0.625
vt 0.875 0.625
vt 0.875 0.875
vt 0.625 0.875
vt 0.625 0.625
vt 0.875 0.625
vt 0.875 0.875
vt 0.625 0.875
vt 0.625 0.625
vt 0.875 0.625
vt 0.875 0.875
vt 0.625 0.875
vt 0.625 0.625
vt 0.875 0.625
vt 0.875 0.875
vt 0.625 0.875
vt 0.625 0.625
vt 0.875 0.625
vt 0.875 0.875
vt 0.625 0.875
vt 0.625 0.625
vt 0.875 0.625
vt 0.875 0.875
vt 0.625 0.875
vt 0.625 0.625
vt 0.875 0.625
vt 0.875 0.875
vt 0.625 0.875
vt 0.625 0.625
vt 0.875 0.625
vt 0.875 0.875
vt 0.625 0.875
vt 0.625 0.625
vt 0.875 0.625
vt 0.875 0.875
vt 0.625 0.875
vt 0.625 0.625
vt 0.875 0.625
vt 0.875 0.875
vt 0.625 0.875
vt 0.625 0.625
vt 0.875 0.625
vt 0.875 0.875
vt 0.625 0.875
vt 0.625 0.625
vt 0.875 0.625
vt 0.875 0.875
vt 0.625 0.875
vt 0.625 0.625
vt 0.875 0.625
vt 0.875 0.875
vt 0.625 0.875
vt 0.625 0.625
vt 0.875 0.625
vt 0.875 0.875
vt 0.625 0.875
vt 0.625 0.625
vt 0.875 0.625
vt 0.875 0.875
vt 0.625 0.875
vt 0.625 0.625
vt 0.875 0.625
vt 0.875 0.875
vt 0.625 0.875
vt 0.625 0.625
vt 0.875 0.625
vt 0.875 0.875
vt 0.625 0.875
vt 0.625 0.625
vt 0.875 0.625
vt 0.875 0.875
vt 0.625 0.875
vt 0.625 0.625
vt 0.875 0.625
vt 0.875 0.875
vt 0.625 0.875
vt 0.625 0.625
vt 0.875 0.625
vt 0.875 0.875
vt 0.625 0.875
vt 0.625 0.625
vt 0.875 0.625
vt 0.875 0.875
vt 0.625 0.875
vt 0.625 0.625
vt 0.875 0.625
vt 0.875 0.875
vt 0.625 0.875
vt 0.625 0.625
vt 0.875 0.625
vt 0.875 0.875
vt 0.625 0.875
vt 0.625 0.625
vt 0.875 0.625
vt 0.875 0.875
vt 0.625 0.875
vt 0.625 0.625
vt 0.875 0.625
vt 0.875 0.875
vt 0.625 0.875
vt 0.625 0.625
vt 0.875 0.625
vt 0.875 0.875
vt 0.625 0.875
vt 0.625 0.625
vt 0.875 0.625
vt 0.875 0.875
vt 0.625 0.875
vt 0.625 0.625
vt 0.875 0.625
vt 0.875 0.875
vt 0.625 0.875
vt 0.625 0.625
vt 0.875 0.625
vt 0.875 0.875
vt 0.625 0.875
vt 0.625 0.625
vt 0.875 0.625
vt 0.875 0.875
vt 0.625 0.875
vt 0.625 0.625
vt 0.875 0.625
vt 0.875 0.875
vt 0.625 0.875
vt 0.625 0.625
vt 0.875 0.625
vt 0.875 0.875
vt 0.625 0.875
vt 0.625 0.625
vt 0.875 0.625
vt 0.875 0.875
vt 0.625 0.875
vt 0.625 0.625
vt 0.875 0.625
vt 0.875 0.875
vt 0.625 0.875
vt 0.625 0.625
vt 0.875 0.625
vt 0.875 0.875
vt 0.625 0.875
vt 0.625 0.625
vt 0.875 0.625
vt 0.875 0.875
vt 0.625 0.875
vt 0.625 0.625
vt 0.875 0.625
vt 0.875 0.875
vt 0.625 0.875
vt 0.625 0.625
vt 0.875 0.625
vt 0.875 0.875
vt 0.625 0.875
vt 0.625 0.625
vt 0.875 0.625
vt 0.875 0.875
vt 0.625 0.875
vt 0.625 0.625
vt 0.875 0.625
vt 0.875 0.875
vt 0.625 0.875
vt 0.625 0.625
vt 0.875 0.625
vt 0.875 0.875
vt 0.625 0.875
vt 0.625 0.625
vt 0.875 0.625
vt 0.875 0.875
vt 0.625 0.875
vt 0.625 0.625
vt 0.875 0.625
vt 0.875 0.875
vt 0.625 0.875
vt 0.625 0.625
vt 0.875 0.625
vt 0.875 0.875
vt 0.625 0.875
vt 0.625 0.625
vt 0.875 0.625
vt 0.875 0.875
vt 0.625 0.875
vt 0.625 0.625
vt 0.875 0.625
vt 0.875 0.875
vt 0.625 0.875
vt 0.625 0.625
vt 0.875 0.625
vt 0.875 0.875
vt 0.625 0.875
vt 0.625 0.625
vn 0.4792614993684998 -0.5364539085575939 0.6946406403431477
vn 0.7191891640418696 -0.32214617521060984 0.6156206527740373
vn 0.8546999926638337 -0.5191222376172343 0.00015796112920034376
vn 0.5814348774093391 -0.8135730507397123 0.005689854309590286
vn 0.8110000749175881 -0.2411215172304075 0.5330471765352226
vn 0.9255098404011991 -0.3787186657597813 -0.0019254936193160558
vn 0.5875629258085618 -0.52647957783591 0.6144827599998268
vn 0.6908052713308491 -0.7230405867425689 -0.0006221129106967108
vn 0.3274990685993509 -0.6851423302912356 0.6506338043090393
vn 0.41023742075889413 -0.9119786981796401 0.00033567195149993646
vn 0.023678179476531152 0.1269862644095353 0.9916218192778882
vn 0.09441488081095373 0.12498326331515354 0.9876563239166488
vn 0.19490370704724563 0.15062427678049553 0.9691877383786868
vn 0.15981273805296695 0.0645810888156966 0.9850325739402696
vn 0.091750781336499 0.004849340089579037 0.9957701933803992
vn -0.47348111486620265 0.6020825402882773 0.6428936525935472
vn -0.6428615862062627 0.42219783800419175 0.6391228102367761
vn -0.6270940437145177 0.45496456430269655 0.6322660085491169
vn -0.35016486522596446 0.6519536539578831 0.6725630083882452
vn -0.14169123667535438 0.7232549563618844 0.675888941725915
vn -0.6517364489736487 0.7583991508346778 0.008386244240320346
vn -0.872920324890486 0.48786267475890527 0.0003420090276417043
vn -0.8689508546989024 0.49489446042871194 -0.0019710796587647313
vn -0.5412493357606548 0.8408621506028751 -0.000014904963690199618
vn -0.23486406434223206 0.9720278704718184 0.0008308469594151392
vn -0.44325544474577994 0.6456664414763952 -0.6218033909962453
vn -0.6171810333558534 0.46357278873087093 -0.6357576909594442
vn -0.6180019278723148 0.4682910224870682 -0.6314880326689639
vn -0.3633129566022583 0.6484020840850491 -0.6690130289606401
vn -0.1662924220107872 0.7199396507354603 -0.6738202502750191
vn 0.023232876718649917 0.11113443531037256 -0.9935337793591221
vn 0.08607674741739745 0.10900700976341618 -0.990307157086366
vn 0.17394501826637573 0.13100384991233727 -0.9760026239352311
vn 0.14068458321990862 0.05677990328871577 -0.988424954473917
vn 0.07910673964949032 0.004586775367249968 -0.9968555989880171
vn 0.45243100666962544 -0.5843427640402326 -0.6736836930768998
vn 0.6926911848372002 -0.3671028511965123 -0.6208175409024999
vn 0.7909748425318285 -0.27179147655462743 -0.5481680324079511
vn 0.5769612369901992 -0.533803827372492 -0.6181983540039699
vn 0.3304982940202537 -0.6841125612720113 -0.6502006468464567
vn -0.19574436748168203 0.8872499684306585 -0.4176980202478717
vn -0.22413377340385832 0.8653908815520522 -0.44817705624709314
vn -0.2935181159756072 0.9559531942039431 -0.0007785148735140195
vn -0.18598120643674892 0.982552142375285 -0.0015094257414373952
vn 0.22599459905722744 0.9359303945076133 0.27011245405161566
vn 0.6389335278585322 0.7685139778239993 0.033914788328743166
vn 0.5203133248444648 -0.16407723821505968 0.8380648566125518
vn 0.707905205617087 -0.7059900788803753 0.021171404835559942
vn 0.003149780031050516 0.6273847938164264 -0.7787030238631901
vn -0.005571663692331028 0.6087726516728165 -0.7933251635609117
vn -0.0049519958111240185 0.9995165320781642 0.03069494811735597
vn 0.010704566485278736 0.5557943615438036 0.8312508886807148
vn 0.27222986272119315 0.8136539916230509 -0.5136711825269903
vn 0.4708363803085117 0.2641891991464567 -0.8417346197183125
vn 0.08973055189448136 0.9856963228263776 -0.14265758733158768
vn -0.2726889995592602 0.8382795043096314 0.4721527106496035
vn 0.9782058391857007 -0.2058489942232751 -0.02719425969327167
vn 0.9990851671328757 0.03419344776452625 -0.025683398237938956
vn 0.19080574701398945 0.9816117577610984 -0.005614617671771321
vn -0.368838908591306 0.929456352222525 0.008291490961941718
vn 0.45690283901818607 0.14101484884028312 0.8782679591694518
vn 0.4663660463278457 0.25009621183161007 0.8485013822381271
vn 0.07927510816027931 0.989308502918384 0.12240973523197328
vn -0.25836184735441226 0.8494452567527858 -0.4600998930795453
vn 0.003252524662141762 0.7983082444727668 0.6022402908226343
vn -0.006334613711871636 0.6032430183777224 0.7975322773704246
vn 0.00042978106898021673 0.9965902935922957 -0.08250819356800018
vn 0.017625318372432384 0.5019446648327037 -0.864720129058099
vn -0.1925445308266415 0.8905151711329418 0.4122005987754216
vn -0.22282311505042127 0.8668552139372449 0.44599540072633054
vn 0.2426516623323902 0.9083766444745466 -0.3405466818814872
vn 0.4796778036419838 -0.31797901531242434 -0.8178010458015712
usemtl m_20b528d0-e54d-ee22-b57a-857978418577
f 403/1569/403 404/1570/404 405/1571/405 406/1572/406
f 404/1573/404 407/1574/407 408/1575/408 405/1576/405
f 407/1577/407 409/1578/409 410/1579/410 408/1580/408
f 409/1581/409 411/1582/411 412/1583/412 410/1584/410
f 413/1585/413 414/1586/414 404/1587/404 403/1588/403
f 414/1589/414 415/1590/415 407/1591/407 404/1592/404
f 415/1593/415 416/1594/416 409/1595/409 407/1596/407
f 416/1597/416 417/1598/417 411/1599/411 409/1600/409
f 418/1601/418 419/1602/419 414/1603/414 413/1604/413
f 419/1605/419 420/1606/420 415/1607/415 414/1608/414
f 420/1609/420 421/1610/421 416/1611/416 415/1612/415
f 421/1613/421 422/1614/422 417/1615/417 416/1616/416
f 423/1617/423 424/1618/424 419/1619/419 418/1620/418
f 424/1621/424 425/1622/425 420/1623/420 419/1624/419
f 425/1625/425 426/1626/426 421/1627/421 420/1628/420
f 426/1629/426 427/1630/427 422/1631/422 421/1632/421
f 428/1633/428 429/1634/429 424/1635/424 423/1636/423
f 429/1637/429 430/1638/430 425/1639/425 424/1640/424
f 430/1641/430 431/1642/431 426/1643/426 425/1644/425
f 431/1645/431 432/1646/432 427/1647/427 426/1648/426
f 433/1649/433 434/1650/434 429/1651/429 428/1652/428
f 434/1653/434 435/1654/435 430/1655/430 429/1656/429
f 435/1657/435 436/1658/436 431/1659/431 430/1660/430
f 436/1661/436 437/1662/437 432/1663/432 431/1664/431
f 438/1665/438 439/1666/439 434/1667/434 433/1668/433
f 439/1669/439 440/1670/440 435/1671/435 434/1672/434
f 440/1673/440 441/1674/441 436/1675/436 435/1676/435
f 441/1677/441 442/1678/442 437/1679/437 436/1680/436
f 406/1681/406 405/1682/405 439/1683/439 438/1684/438
f 405/1685/405 408/1686/408 440/1687/440 439/1688/439
f 408/1689/408 410/1690/410 441/1691/441 440/1692/440
f 410/1693/410 412/1694/412 442/1695/442 441/1696/441
f 443/1697/443 444/1698/444 445/1699/445 446/1700/446
f 444/1701/444 447/1702/447 448/1703/448 445/1704/445
f 447/1705/447 449/1706/449 450/1707/450 448/1708/448
f 449/1709/449 403/1710/403 406/1711/406 450/1712/450
f 451/1713/451 452/1714/452 444/1715/444 443/1716/443
f 452/1717/452 453/1718/453 447/1719/447 444/1720/444
f 453/1721/453 454/1722/454 449/1723/449 447/1724/447
f 454/1725/454 413/1726/413 403/1727/403 449/1728/449
f 455/1729/455 456/1730/456 452/1731/452 451/1732/451
f 456/1733/456 457/1734/457 453/1735/453 452/1736/452
f 457/1737/457 458/1738/458 454/1739/454 453/1740/453
f 458/1741/458 418/1742/418 413/1743/413 454/1744/454
f 459/1745/459 460/1746/460 456/1747/456 455/1748/455
f 460/1749/460 461/1750/461 457/1751/457 456/1752/456
f 461/1753/461 462/1754/462 458/1755/458 457/1756/457
f 462/1757/462 423/1758/423 418/1759/418 458/1760/458
f 463/1761/463 464/1762/464 460/1763/460 459/1764/459
f 464/1765/464 465/1766/465 461/1767/461 460/1768/460
f 465/1769/465 466/1770/466 462/1771/462 461/1772/461
f 466/1773/466 428/1774/428 423/1775/423 462/1776/462
f 467/1777/467 468/1778/468 464/1779/464 463/1780/463
f 468/1781/468 469/1782/469 465/1783/465 464/1784/464
f 469/1785/469 470/1786/470 466/1787/466 465/1788/465
f 470/1789/470 433/1790/433 428/1791/428 466/1792/466
f 471/1793/471 472/1794/472 468/1795/468 467/1796/467
f 472/1797/472 473/1798/473 469/1799/469 468/1800/468
f 473/1801/473 474/1802/474 470/1803/470 469/1804/469
f 474/1805/474 438/1806/438 433/1807/433 470/1808/470
f 446/1809/446 445/1810/445 472/1811/472 471/1812/471
f 445/1813/445 448/1814/448 473/1815/473 472/1816/472
f 448/1817/448 450/1818/450 474/1819/474 473/1820/473
f 450/1821/450 406/1822/406 438/1823/438 474/1824/474
f 467/1825/467 463/1826/463 459/1827/459 455/1828/455
f 455/1829/455 451/1830/451 443/1831/443 446/1832/446
f 446/1833/446 471/1834/471 467/1835/467 455/1836/455
o handle
v -0.72265625 0.45 0.0421875
v -0.70001225 0.509958 0.0421875
v -0.7109375 0.515039 0
v -0.734375 0.45 0
v -0.63232425 0.540747 0.0421875
v -0.640625 0.5484375 0
v -0.5199585 0.5520905 0.0421875
v -0.5234375 0.56074225 0
v -0.36328125 0.553711 0.0421875
v -0.359375 0.5625 0
v -0.696875 0.45 0.05625
v -0.6759765 0.49877925 0.05625
v -0.6140625 0.52382825 0.05625
v -0.51230475 0.53305675 0.05625
v -0.371875 0.534375 0.05625
v -0.67109375 0.45 0.0421875
v -0.651941 0.48760075 0.0421875
v -0.59580075 0.50690925 0.0421875
v -0.504651 0.514023 0.0421875
v -0.38046875 0.515039 0.0421875
v -0.659375 0.45 0
v -0.64101575 0.4825195 0
v -0.5875 0.49921875 0
v -0.501172 0.505371 0
v -0.384375 0.50625 0
v -0.67109375 0.45 -0.0421875
v -0.651941 0.48760075 -0.0421875
v -0.59580075 0.50690925 -0.0421875
v -0.504651 0.514023 -0.0421875
v -0.38046875 0.515039 -0.0421875
v -0.696875 0.45 -0.05625
v -0.67597675 0.49877925 -0.05625
v -0.6140625 0.52382825 -0.05625
v -0.51230475 0.53305675 -0.05625
v -0.371875 0.534375 -0.05625
v -0.72265625 0.45 -0.0421875
v -0.70001225 0.509958 -0.0421875
v -0.63232425 0.540747 -0.0421875
v -0.5199585 0.5520905 -0.0421875
v -0.36328125 0.553711 -0.0421875
v -0.46328125 0.16171875 0.0421875
v -0.57879025 0.22592 0.0421875
v -0.58144525 0.2166505 0
v -0.459375 0.15 0
v -0.65961925 0.2969605 0.0421875
v -0.6671875 0.28945325 0
v -0.70712275 0.37245025 0.0421875
v -0.7177735 0.36752925 0
v -0.471875 0.1875 0.05625
v -0.57294925 0.2463135 0.05625
v -0.64296875 0.3134765 0.05625
v -0.6836915 0.38327625 0.05625
v -0.48046875 0.21328125 0.0421875
v -0.56710825 0.26670675 0.0421875
v -0.62631825 0.32999275 0.0421875
v -0.66026 0.3941025 0.0421875
v -0.484375 0.225 0
v -0.564453 0.2759765 0
v -0.61875 0.3375 0
v -0.6496095 0.3990235 0
v -0.48046875 0.21328125 -0.0421875
v -0.56710825 0.26670675 -0.0421875
v -0.62631825 0.32999275 -0.0421875
v -0.66026 0.3941025 -0.0421875
v -0.471875 0.1875 -0.05625
v -0.57294925 0.2463135 -0.05625
v -0.64296875 0.3134765 -0.05625
v -0.6836915 0.38327625 -0.05625
v -0.46328125 0.16171875 -0.0421875
v -0.57879025 0.22592 -0.0421875
v -0.65961925 0.2969605 -0.0421875
v -0.70712275 0.37245025 -0.0421875
vt 0.875 0.625
vt 0.875 0.875
vt 0.625 0.875
vt 0.625 0.625
vt 0.875 0.625
vt 0.875 0.875
vt 0.625 0.875
vt 0.625 0.625
vt 0.875 0.625
vt 0.875 0.875
vt 0.625 0.875
vt 0.625 0.625
vt 0.875 0.625
vt 0.875 0.875
vt 0.625 0.875
vt 0.625 0.625
vt 0.875 0.625
vt 0.875 0.875
vt 0.625 0.875
vt 0.625 0.625
vt 0.875 0.625
vt 0.875 0.875
vt 0.625 0.875
vt 0.625 0.625
vt 0.875 0.625
vt 0.875 0.875
vt 0.625 0.875
vt 0.625 0.625
vt 0.875 0.625
vt 0.875 0.875
vt 0.625 0.875
vt 0.625 0.625
vt 0.875 0.625
vt 0.875 0.875
vt 0.625 0.875
vt 0.625 0.625
vt 0.875 0.625
vt 0.875 0.875
vt 0.625 0.875
vt 0.625 0.625
vt 0.875 0.625
vt 0.875 0.875
vt 0.625 0.875
vt 0.625 0.625
vt 0.875 0.625
vt 0.875 0.875
vt 0.625 0.875
vt 0.625 0.625
vt 0.875 0.625
vt 0.875 0.875
vt 0.625 0.875
vt 0.625 0.625
vt 0.875 0.625
vt 0.875 0.875
vt 0.625 0.875
vt 0.625 0.625
vt 0.875 0.625
vt 0.875 0.875
vt 0.625 0.875
vt 0.625 0.625
vt 0.875 0.625
vt 0.875 0.875
vt 0.625 0.875
vt 0.625 0.625
vt 0.875 0.625
vt 0.875 0.875
vt 0.625 0.875
vt 0.625 0.625
vt 0.875 0.625
vt 0.875 0.875
vt 0.625 0.875
vt 0.625 0.625
vt 0.875 0.625
vt 0.875 0.875
vt 0.625 0.875
vt 0.625 0.625
vt 0.875 0.625
vt 0.875 0.875
vt 0.625 0.875
vt 0.625 0.625
vt 0.875 0.625
vt 0.875 0.875
vt 0.625 0.875
vt 0.625 0.625
vt 0.875 0.625
vt 0.875 0.875
vt 0.625 0.875
vt 0.625 0.625
vt 0.875 0.625
vt 0.875 0.875
vt 0.625 0.875
vt 0.625 0.625
vt 0.875 0.625
vt 0.875 0.875
vt 0.625 0.875
vt 0.625 0.625
vt 0.875 0.625
vt 0.875 0.875
vt 0.625 0.875
vt 0.625 0.625
vt 0.875 0.625
vt 0.875 0.875
vt 0.625 0.875
vt 0.625 0.625
vt 0.875 0.625
vt 0.875 0.875
vt 0.625 0.875
vt 0.625 0.625
vt 0.875 0.625
vt 0.875 0.875
vt 0.625 0.875
vt 0.625 0.625
vt 0.875 0.625
vt 0.875 0.875
vt 0.625 0.875
vt 0.625 0.625
vt 0.875 0.625
vt 0.875 0.875
vt 0.625 0.875
vt 0.625 0.625
vt 0.875 0.625
vt 0.875 0.875
vt 0.625 0.875
vt 0.625 0.625
vt 0.875 0.625
vt 0.875 0.875
vt 0.625 0.875
vt 0.625 0.625
vt 0.875 0.625
vt 0.875 0.875
vt 0.625 0.875
vt 0.625 0.625
vt 0.875 0.625
vt 0.875 0.875
vt 0.625 0.875
vt 0.625 0.625
vt 0.875 0.625
vt 0.875 0.875
vt 0.625 0.875
vt 0.625 0.625
vt 0.875 0.625
vt 0.875 0.875
vt 0.625 0.875
vt 0.625 0.625
vt 0.875 0.625
vt 0.875 0.875
vt 0.625 0.875
vt 0.625 0.625
vt 0.875 0.625
vt 0.875 0.875
vt 0.625 0.875
vt 0.625 0.625
vt 0.875 0.625
vt 0.875 0.875
vt 0.625 0.875
vt 0.625 0.625
vt 0.875 0.625
vt 0.875 0.875
vt 0.625 0.875
vt 0.625 0.625
vt 0.875 0.625
vt 0.875 0.875
vt 0.625 0.875
vt 0.625 0.625
vt 0.875 0.625
vt 0.875 0.875
vt 0.625 0.875
vt 0.625 0.625
vt 0.875 0.625
vt 0.875 0.875
vt 0.625 0.875
vt 0.625 0.625
vt 0.875 0.625
vt 0.875 0.875
vt 0.625 0.875
vt 0.625 0.625
vt 0.875 0.625
vt 0.875 0.875
vt 0.625 0.875
vt 0.625 0.625
vt 0.875 0.625
vt 0.875 0.875
vt 0.625 0.875
vt 0.625 0.625
vt 0.875 0.625
vt 0.875 0.875
vt 0.625 0.875
vt 0.625 0.625
vt 0.875 0.625
vt 0.875 0.875
vt 0.625 0.875
vt 0.625 0.625
vt 0.875 0.625
vt 0.875 0.875
vt 0.625 0.875
vt 0.625 0.625
vt 0.875 0.625
vt 0.875 0.875
vt 0.625 0.875
vt 0.625 0.625
vt 0.875 0.625
vt 0.875 0.875
vt 0.625 0.875
vt 0.625 0.625
vt 0.875 0.625
vt 0.875 0.875
vt 0.625 0.875
vt 0.625 0.625
vt 0.875 0.625
vt 0.875 0.875
vt 0.625 0.875
vt 0.625 0.625
vt 0.875 0.625
vt 0.875 0.875
vt 0.625 0.875
vt 0.625 0.625
vt 0.875 0.625
vt 0.875 0.875
vt 0.625 0.875
vt 0.625 0.625
vt 0.875 0.625
vt 0.875 0.875
vt 0.625 0.875
vt 0.625 0.625
vt 0.875 0.625
vt 0.875 0.875
vt 0.625 0.875
vt 0.625 0.625
vt 0.875 0.625
vt 0.875 0.875
vt 0.625 0.875
vt 0.625 0.625
vt 0.875 0.625
vt 0.875 0.875
vt 0.625 0.875
vt 0.625 0.625
vt 0.875 0.625
vt 0.875 0.875
vt 0.625 0.875
vt 0.625 0.625
vt 0.875 0.625
vt 0.875 0.875
vt 0.625 0.875
vt 0.625 0.625
vt 0.875 0.625
vt 0.875 0.875
vt 0.625 0.875
vt 0.625 0.625
vt 0.875 0.625
vt 0.875 0.875
vt 0.625 0.875
vt 0.625 0.625
vt 0.875 0.625
vt 0.875 0.875
vt 0.625 0.875
vt 0.625 0.625
vn -0.7665645465296105 0.06701810506928492 0.6386606059534083
vn -0.5488909608662547 0.5397066073232553 0.6383067374632209
vn -0.7341222558103843 0.6790172285987813 -0.0003417453780119007
vn -0.9970210066264713 0.07713042679302215 0.00009802175294332007
vn -0.20385536830398548 0.794273234238332 0.5723399498429462
vn -0.2650272567273668 0.9642408112374927 -0.00045949497067280815
vn -0.04465405364480873 0.8373249054071293 0.5448789023976139
vn -0.0565171607571588 0.9984016266174921 -0.00005007489710601245
vn -0.008392818623900703 0.840654687082248 0.5415064705820182
vn -0.010527828352229535 0.9999445807374067 0.00001685462001209078
vn -0.0037119549580831826 -0.008527900969447852 0.9999567472123202
vn -0.010464842602190324 -0.013798085099255295 0.9998500387142589
vn -0.009114240115693987 -0.006516317201383358 0.9999372321487207
vn -0.002431575149064695 -0.0005833194936601403 0.9999968735854441
vn -0.0004412786559189916 0.0001267573163687135 0.9999998946028597
vn 0.7544696541631585 -0.11592284478616177 0.6460165903470341
vn 0.4880588085076661 -0.6028505560043447 0.6311654351779172
vn 0.15698927486136552 -0.8106019333540603 0.5641620983557496
vn 0.03409607545273614 -0.8383474601795738 0.5440689236201414
vn 0.006532859234986194 -0.8405313839298681 0.5417234667052523
vn 0.988698838494914 -0.14991526356535156 -0.00014320942411214814
vn 0.6404405937532015 -0.7680068724513218 -0.001135667462720078
vn 0.19413272129084352 -0.9809747619195204 -0.0010014994518660518
vn 0.04116287784383875 -0.9991524452193473 -0.00009327278462442442
vn 0.007853459848378576 -0.9999691606702581 0.00002961130708035628
vn 0.7597923090244167 -0.09619383909712502 -0.6430104139647363
vn 0.5123830591170973 -0.5775501933581443 -0.6355307820096326
vn 0.1744783986495892 -0.8039143550979475 -0.5685762904590079
vn 0.03815159019479915 -0.8378722563294666 -0.5445314850759106
vn 0.007258504258159999 -0.8406121993405006 -0.5415888149102239
vn -0.0023832485738211812 -0.005684000174681811 -0.999981005953738
vn -0.007531024679806163 -0.009828936720305357 -0.9999233348963412
vn -0.007046969879230058 -0.005139367523835936 -0.999961962835075
vn -0.0019554844762457078 -0.00047824883849631954 -0.9999979736772029
vn -0.0003500332781568552 0.00010039850704444691 -0.9999999336984198
vn -0.7686749704435093 0.05726645603343994 -0.6370709087904108
vn -0.5619562427809848 0.5241739153127908 -0.6398803698388771
vn -0.21557986177991473 0.7890220316964328 -0.5752995364960641
vn -0.047505137445546713 0.83694502486834 -0.5452213195248453
vn -0.008890074209514631 0.840714955998768 -0.5414049587328683
vn -0.4075265731665516 -0.7209070464140205 0.5605489475449407
vn -0.47510444174114624 -0.660973080287837 0.5808531282283348
vn -0.5709566034453171 -0.8209802414115556 -0.000013928780235241032
vn -0.4825214594222484 -0.8758841292653471 -0.00018247769308592528
vn -0.6074126239370341 -0.5059723973490837 0.6124065948393664
vn -0.7559350657468092 -0.6546465750212465 0.00019541575889233092
vn -0.7270786530528941 -0.28472216613621804 0.6247318787972077
vn -0.9274927576403796 -0.3738410994609748 0.000129917103288974
vn 0.008345514358063848 -0.0031412216216676436 0.999960241768053
vn 0.009909081727187527 -0.007413359994524972 0.9999234231644519
vn 0.008120806517102865 -0.010832420094274053 0.9999083513884724
vn 0.00247980360459338 -0.005598584262438065 0.9999812530384452
vn 0.4419977552419187 0.7024554851689916 0.5578478965785401
vn 0.5224671480500035 0.6242338677165464 0.5808271322899243
vn 0.6504061039633316 0.44932583563786826 0.6124362769754672
vn 0.7395897481174816 0.25391906555602606 0.6233234414224086
vn 0.5309550634993006 0.8473998662847151 -0.00043262582056330184
vn 0.6411124417769472 0.7674469036704756 -0.000295034574318819
vn 0.8212633779483165 0.5705492650252278 -0.000014835528700352947
vn 0.9450528642085011 0.32691753702519627 0.00008852506924537229
vn 0.42838706429763507 0.7095007440352311 -0.5595473325429292
vn 0.5047204756017992 0.6382466916902285 -0.581290290693705
vn 0.6351504817727082 0.47054549550673297 -0.6125118792009016
vn 0.7352771179363898 0.2652739240756215 -0.6236964847140615
vn 0.006391873835727695 -0.002351983727301695 -0.9999768057917218
vn 0.007884598047851547 -0.00582531128894123 -0.9999519482765212
vn 0.006672509003994533 -0.00871733424794571 -0.9999397410380295
vn 0.002060716138975168 -0.004510459211446665 -0.9999877045277591
vn -0.39850728277880476 -0.7251136122421553 -0.5616067974244855
vn -0.46256207140392325 -0.6698522742746009 -0.5808048387777573
vn -0.5958605866146309 -0.5201478939659263 -0.6118793424541145
vn -0.7238302510689227 -0.2925189215506363 -0.6249019508469731
usemtl m_20b528d0-e54d-ee22-b57a-857978418577
f 475/1837/475 476/1838/476 477/1839/477 478/1840/478
f 476/1841/476 479/1842/479 480/1843/480 477/1844/477
f 479/1845/479 481/1846/481 482/1847/482 480/1848/480
f 481/1849/481 483/1850/483 484/1851/484 482/1852/482
f 485/1853/485 486/1854/486 476/1855/476 475/1856/475
f 486/1857/486 487/1858/487 479/1859/479 476/1860/476
f 487/1861/487 488/1862/488 481/1863/481 479/1864/479
f 488/1865/488 489/1866/489 483/1867/483 481/1868/481
f 490/1869/490 491/1870/491 486/1871/486 485/1872/485
f 491/1873/491 492/1874/492 487/1875/487 486/1876/486
f 492/1877/492 493/1878/493 488/1879/488 487/1880/487
f 493/1881/493 494/1882/494 489/1883/489 488/1884/488
f 495/1885/495 496/1886/496 491/1887/491 490/1888/490
f 496/1889/496 497/1890/497 492/1891/492 491/1892/491
f 497/1893/497 498/1894/498 493/1895/493 492/1896/492
f 498/1897/498 499/1898/499 494/1899/494 493/1900/493
f 500/1901/500 501/1902/501 496/1903/496 495/1904/495
f 501/1905/501 502/1906/502 497/1907/497 496/1908/496
f 502/1909/502 503/1910/503 498/1911/498 497/1912/497
f 503/1913/503 504/1914/504 499/1915/499 498/1916/498
f 505/1917/505 506/1918/506 501/1919/501 500/1920/500
f 506/1921/506 507/1922/507 502/1923/502 501/1924/501
f 507/1925/507 508/1926/508 503/1927/503 502/1928/502
f 508/1929/508 509/1930/509 504/1931/504 503/1932/503
f 510/1933/510 511/1934/511 506/1935/506 505/1936/505
f 511/1937/511 512/1938/512 507/1939/507 506/1940/506
f 512/1941/512 513/1942/513 508/1943/508 507/1944/507
f 513/1945/513 514/1946/514 509/1947/509 508/1948/508
f 478/1949/478 477/1950/477 511/1951/511 510/1952/510
f 477/1953/477 480/1954/480 512/1955/512 511/1956/511
f 480/1957/480 482/1958/482 513/1959/513 512/1960/512
f 482/1961/482 484/1962/484 514/1963/514 513/1964/513
f 515/1965/515 516/1966/516 517/1967/517 518/1968/518
f 516/1969/516 519/1970/519 520/1971/520 517/1972/517
f 519/1973/519 521/1974/521 522/1975/522 520/1976/520
f 521/1977/521 475/1978/475 478/1979/478 522/1980/522
f 523/1981/523 524/1982/524 516/1983/516 515/1984/515
f 524/1985/524 525/1986/525 519/1987/519 516/1988/516
f 525/1989/525 526/1990/526 521/1991/521 519/1992/519
f 526/1993/526 485/1994/485 475/1995/475 521/1996/521
f 527/1997/527 528/1998/528 524/1999/524 523/2000/523
f 528/2001/528 529/2002/529 525/2003/525 524/2004/524
f 529/2005/529 530/2006/530 526/2007/526 525/2008/525
f 530/2009/530 490/2010/490 485/2011/485 526/2012/526
f 531/2013/531 532/2014/532 528/2015/528 527/2016/527
f 532/2017/532 533/2018/533 529/2019/529 528/2020/528
f 533/2021/533 534/2022/534 530/2023/530 529/2024/529
f 534/2025/534 495/2026/495 490/2027/490 530/2028/530
f 535/2029/535 536/2030/536 532/2031/532 531/2032/531
f 536/2033/536 537/2034/537 533/2035/533 532/2036/532
f 537/2037/537 538/2038/538 534/2039/534 533/2040/533
f 538/2041/538 500/2042/500 495/2043/495 534/2044/534
f 539/2045/539 540/2046/540 536/2047/536 535/2048/535
f 540/2049/540 541/2050/541 537/2051/537 536/2052/536
f 541/2053/541 542/2054/542 538/2055/538 537/2056/537
f 542/2057/542 505/2058/505 500/2059/500 538/2060/538
f 543/2061/543 544/2062/544 540/2063/540 539/2064/539
f 544/2065/544 545/2066/545 541/2067/541 540/2068/540
f 545/2069/545 546/2070/546 542/2071/542 541/2072/541
f 546/2073/546 510/2074/510 505/2075/505 542/2076/542
f 518/2077/518 517/2078/517 544/2079/544 543/2080/543
f 517/2081/517 520/2082/520 545/2083/545 544/2084/544
f 520/2085/520 522/2086/522 546/2087/546 545/2088/545
f 522/2089/522 478/2090/478 510/2091/510 546/2092/546